TS_UPDATE;USER;DoE_id;BTno;RelWeek;RelDay;FORM_sourdough_conc;FORM_water_conc;FORM_water_temp;FORM_yeast_conc;MIX_phase2_time;MIX_intensity;PROOF_bulk_time;PROOF_final_time;PROOF_bulk_temp;PROOF_final_temp;PROOF_final_RH;BAKE_lower_temp;BAKE_upper_temp;BAKE_totaltime;MIX_start_wd;MIX_start_t;PROOF_bulk_start_t;PROOF_bulk_end_wd;PROOF_bulk_end_t;PROOF_final_start_t;PROOF_final_end_wd;PROOF_final_end_t;BAKE_start_t;BAKE_end_t;BAKE_etage;ActWeek;ActYear;ActDate_start;dough_id;bt_id
2022-05-08 18:35:03;;1;1;1;1;22.5;63.75;12.5;;6;Slow;1;23;20;5;;202.5;210;41.9;1;09:30:00;09:44:00;1;10:44:00;11:13:00;2;10:13:00;10:17:59;10:59:54;1;;;;;
2022-05-08 18:35:03;;1;2;1;1;50;68.75;16.25;;10;Fast;1;23;5;5;;202.5;210;32;1;10:45:00;11:02:59;1;12:03:00;12:32:00;2;11:31:59;11:37:00;12:08:59;1;;;;;
2022-05-08 18:35:03;;1;3;1;1;30;66.25;0;;8;Fast;18;6;20;35;92;202.5;210;45.5;1;14:45:00;15:01:00;2;09:01:00;09:30:00;2;15:30:00;15:35:00;16:20:30;1;;;;;
2022-05-08 18:35:03;;1;4;1;2;50;80;0;;2;Slow;6;0.25;20;5;;202.5;210;37.61205286;2;09:15:00;09:24:59;2;15:24:59;15:53:59;2;16:09:00;16:14:00;16:51:36;2;;;;;
2022-05-08 18:35:03;;1;5;1;2;0;55;0;;10;Fast;1;5.25;20;5;;202.5;210;37.61205286;2;09:30:00;09:48:00;2;10:48:00;11:17:00;2;16:32:00;16:37:00;17:14:36;1;;;;;
2022-05-08 18:35:03;;1;6;1;2;0;55;0;;2;Fast;3;3.25;20;5;;202.5;210;37.61205286;2;10:00:00;10:09:59;2;13:09:59;13:38:59;2;16:54:00;16:59:00;17:36:36;2;;;;;
2022-05-08 18:35:03;;1;7;2;3;0;80;12.5;;2;Fast;0.25;24;5;20;92;230;186;32;1;10:30:00;10:40:00;1;10:54:59;11:23:59;2;11:23:59;11:29:00;12:01:00;1;17;2022;2022-04-27 00:00:00;DO50;BT22
2022-05-08 18:35:03;;1;8;2;3;50;55;0;;2;Slow;3;21.25;20;35;60.5;230;186;46.4;1;11:45:00;11:55:00;1;14:55:00;15:24:00;2;12:39:00;12:44:00;13:30:24;1;17;2022;2022-04-27 00:00:00;DO51;BT23
2022-05-08 18:35:03;;1;9;2;3;50;80;8.75;;10;Fast;24;0.25;5;5;;230;186;39.2;1;13:15:00;13:33:00;2;13:33:00;14:02:00;2;14:17:00;14:22:00;15:01:11;1;17;2022;2022-04-27 00:00:00;DO52;BT24
2022-05-08 18:35:03;;1;10;2;4;37.5;71.25;0;;4.4;Fast;6;0.25;20;20;87.8;230;186;32;2;09:00:00;09:12:24;2;15:12:24;15:41:24;2;15:56:24;16:01:24;16:33:24;1;17;2022;2022-04-28 00:00:00;DO53;BT25
2022-05-08 18:35:03;;1;11;2;4;37.5;75;0;;4;Fast;6;0.25;20;20;77.3;230;186;32;2;09:30:00;09:42:00;2;15:42:00;16:11:00;2;16:25:59;16:31:00;17:02:59;2;17;2022;2022-04-28 00:00:00;DO54;BT26
2022-05-08 18:35:03;;1;12;2;4;5;55;0;;10;Slow;1;5.25;20;5;;230;186;39.09217077;2;09:45:00;10:03:00;2;11:02:59;11:31:59;2;16:46:59;16:52:00;17:31:05;1;17;2022;2022-04-28 00:00:00;DO55;BT27
2022-05-08 18:35:03;;1;13;3;5;0;80;0;;10;Fast;0.25;18;20;20;85.7;180;222;32;1;14:59:59;15:17:59;1;15:32:59;16:01:59;2;10:01:59;10:06:59;10:38:59;3;18;2022;2022-05-04 00:00:00;DO56;BT28
2022-05-08 18:35:03;;1;14;3;5;50;55;0;;10;Slow;1;17.25;5;35;92;180;222;50;1;14:00:00;14:18:00;1;15:18:00;15:47:00;2;09:02:00;09:07:00;09:57:00;1;18;2022;2022-05-04 00:00:00;DO57;BT29
2022-05-08 18:35:03;;1;15;3;5;30;65;25;;6.4;Fast;1;17.25;5;20;91.00007049;180;222;33.71659505;1;14:30:00;14:44:24;1;15:44:24;16:13:24;2;09:28:24;09:33:24;10:07:06;2;18;2022;2022-05-04 00:00:00;DO58;BT30
2022-05-08 18:35:03;;1;16;3;6;17.5;80;23.75;;3.2;Fast;1;23.25;5;20;79.4;180;222;35.6;2;11:30:00;11:41:12;2;12:41:12;13:10:12;3;12:25:12;12:30:11;13:05:48;1;18;2022;2022-05-05 00:00:00;DO59;BT31
2022-05-08 18:35:03;;1;17;3;6;35;80;15;;9.2;Slow;18;6.25;20;20;92;180;222;32;2;14:15:00;14:32:11;3;08:32:11;09:01:11;3;15:16:12;15:21:12;15:53:12;1;18;2022;2022-05-05 00:00:00;DO60;BT32
2022-05-08 18:35:03;;1;18;3;6;50;80;13.75;;10;Slow;18;6.25;20;20;81.5;180;222;40.1;2;14:45:00;15:03:00;3;09:03:00;09:32:00;3;15:47:00;15:52:00;16:32:06;2;18;2022;2022-05-05 00:00:00;DO61;BT33
2022-05-08 18:35:03;;1;19;4;7;35;65;25;;5.2;Fast;0.25;1;20;35;89.9;202.5;183;36.5;3;08:15:00;08:28:12;3;08:43:12;09:12:12;3;10:12:12;10:17:12;10:53:41;1;19;2022;2022-05-13 00:00:00;DO68;BT40
2022-05-08 18:35:03;;1;20;4;7;0;55;25;;5.6;Fast;0.25;1;20;35;77.3;202.5;183;32;3;09:00:00;09:13:36;3;09:28:36;09:57:36;3;10:57:35;11:02:36;11:34:35;2;19;2022;2022-05-13 00:00:00;DO69;BT41
2022-05-08 18:35:03;;1;21;4;7;27.5;72.5;25;;6;Slow;1;0.25;20;35;82.55038219;202.5;183;35.6;3;11:45:00;11:59:00;3;12:59:00;13:28:00;3;13:43:00;13:48:00;14:23:36;1;19;2022;2022-05-13 00:00:00;DO70;BT42
2022-05-08 18:35:03;;1;22;4;8;40;78.75;25;;10;Slow;18;3;20;35;76.2;202.5;183;41;2;14:15:00;14:33:00;3;08:33:00;09:02:00;3;12:02:00;12:07:00;12:48:00;2;19;2022;2022-05-12 00:00:00;DO67;BT39
2022-05-08 18:35:03;;1;23;4;8;35;80;18.75;;2;Slow;1;20;5;35;76.2;202.5;183;37.4;2;11:45:00;11:55:00;2;12:55:00;13:24:00;3;09:24:00;09:29:00;10:06:24;1;19;2022;2022-05-12 00:00:00;DO65;BT37
2022-05-08 18:35:03;;1;24;4;8;25;78.75;25;;10;Fast;0.25;20.75;20;35;58.4;202.5;183;50;2;13:30:00;13:48:00;2;14:02:59;14:31:59;3;11:17:00;11:22:00;12:12:00;1;19;2022;2022-05-12 00:00:00;DO66;BT38
2022-05-08 18:35:03;;1;25;5;9;27.5;75;11.25;;8;Fast;1;0.25;5;20;50;180;231;32;1;12:15:00;12:31:00;1;13:31:00;14:00:00;1;14:15:00;14:20:00;14:52:00;1;20;2022;2022-05-18 00:00:00;DO73;BT45
2022-05-08 18:35:03;;1;26;5;9;25;80;11.25;;5.2;Fast;0.25;1;5;35;92;180;231;33.8;1;09:45:00;09:58:12;1;10:13:12;10:42:12;1;11:42:12;11:47:12;12:21:00;1;20;2022;2022-05-18 00:00:00;DO71;BT43
2022-05-08 18:35:03;;1;27;5;9;25;55;11.25;;4.8;Fast;0.25;1;20;5;;180;231;38.3;1;10:45:00;10:57:48;1;11:12:48;11:41:48;1;12:41:48;12:46:48;13:25:06;1;20;2022;2022-05-18 00:00:00;DO72;BT44
2022-05-08 18:35:03;;1;28;5;10;50;67.5;0;;10;Fast;0.25;29.75;20;20;92;180;231;50;2;06:30:00;06:48:00;2;07:03:00;07:32:00;3;13:17:00;13:22:00;14:12:00;1;20;2022;2022-05-19 00:00:00;DO74;BT46
2022-05-08 18:35:03;;1;29;5;10;15;68.75;17.5;;4.4;Slow;0.25;29.75;20;20;71.88574903;180;231;39.2;2;09:00:00;09:12:24;2;09:27:24;09:56:24;3;15:41:24;15:46:24;16:25:36;1;20;2022;2022-05-19 00:00:00;DO75;BT47
2022-05-08 18:35:03;;1;30;5;10;5;77.5;16.25;;3.2;Fast;18;12;5;5;;180;231;50;2;12:15:00;12:26:12;3;06:26:12;06:55:12;3;18:55:12;19:00:12;19:50:12;1;20;2022;2022-05-19 00:00:00;DO76;BT48
2022-05-08 18:35:03;;1;31;6;11;5;80;20;;4;Fast;24;6;20;5;;180;189;42.8;1;09:00:00;09:12:00;2;09:12:00;09:40:59;2;15:40:59;15:46:00;16:28:48;2;22;2022;2022-06-01 00:00:00;DO82;BT54
2022-05-08 18:35:03;;1;32;6;11;0;68.75;25;;10;Fast;0.25;29.75;5;5;;180;189;41;1;09:15:00;09:32:59;1;09:48:00;10:17:00;2;16:01:59;16:07:00;16:48:00;1;22;2022;2022-06-01 00:00:00;DO83;BT55
2022-05-08 18:35:03;;1;33;6;11;2.5;80;17.5;;2;Fast;0.25;29.75;20;20;50;180;189;32;1;08:30:00;08:39:59;1;08:55:00;09:24:00;2;15:08:59;15:14:00;15:46:00;1;22;2022;2022-06-01 00:00:00;DO81;BT53
2022-05-08 18:35:03;;1;34;6;12;0;80;22.5;;8;Fast;18;6;5;5;;180;189;43.7;2;14:15:00;14:31:00;3;08:31:00;09:00:00;3;15:00:00;15:05:00;15:48:42;1;22;2022;2022-06-02 00:00:00;DO86;BT58
2022-05-08 18:35:03;;1;35;6;12;50;80;0;;6.8;Fast;0.25;23.75;20;5;;180;189;36.5;2;10:00:00;10:14:48;2;10:29:48;10:58:48;3;10:43:48;10:48:48;11:25:17;1;22;2022;2022-06-02 00:00:00;DO84;BT56
2022-05-08 18:35:03;;1;36;6;12;0;67.5;25;;4.4;Slow;1;23;5;35;50;180;189;50;2;10:45:00;10:57:24;2;11:57:24;12:26:24;3;11:26:24;11:31:24;12:21:24;2;22;2022;2022-06-02 00:00:00;DO85;BT57
2022-05-08 18:35:03;;1;37;7;13;0;55;0;;9.6;Fast;0.25;24.75;5;5;;180;180;50;1;09:00:00;09:17:36;1;09:32:36;10:01:36;2;10:46:36;10:51:36;11:41:36;1;24;2022;2022-06-15 00:00:00;DO87;BT59
2022-05-08 18:35:03;;1;38;7;13;42.5;80;11.25;;8.4;Fast;24;1;20;5;;180;180;50;1;10:45:00;11:01:24;2;11:01:24;11:30:24;2;12:30:23;12:35:24;13:25:24;1;24;2022;2022-06-15 00:00:00;DO88;BT60
2022-05-08 18:35:03;;1;39;7;13;0;55;0;;2;Fast;24;1;20;5;;180;180;41.9;1;13:15:00;13:25:00;2;13:25:00;13:54:00;2;14:54:00;14:59:00;15:40:54;1;24;2022;2022-06-15 00:00:00;DO89;BT61
2022-05-08 18:35:03;;1;40;7;14;50;55;0;;2;Fast;3;3.25;20;5;;180;180;48.2;2;09:00:00;09:10:00;2;12:10:00;12:39:00;2;15:53:59;15:59:00;16:47:11;1;24;2022;2022-06-16 00:00:00;DO90;BT62
2022-05-08 18:35:03;;1;41;7;14;50;80;0;;2;Slow;1;5.25;20;5;;180;180;32.9;2;09:15:00;09:24:59;2;10:25:00;10:54:00;2;16:09:00;16:14:00;16:46:54;2;24;2022;2022-06-16 00:00:00;DO91;BT63
2022-05-08 18:35:04;;1;42;7;14;35;80;12.5;;2.8;Slow;0.25;6;20;5;;180;180;44.6;2;10:15:00;10:25:47;2;10:40:48;11:09:48;2;17:09:48;17:14:48;17:59:24;1;24;2022;2022-06-16 00:00:00;DO92;BT64
2022-05-08 18:35:04;;1;43;8;15;37.5;55;8.75;;2;Slow;0.25;26.75;5;20;92;230;240;35.6;1;09:00:00;09:10:00;1;09:24:59;09:53:59;2;12:39:00;12:44:00;13:19:36;1;25;2022;2022-06-22 00:00:00;DO93;BT65
2022-05-08 18:35:04;;1;44;8;15;22.5;55;0;;2;Slow;0.25;26.75;5;35;50;230;240;32;1;09:30:00;09:40:00;1;09:55:00;10:24:00;2;13:09:00;13:14:00;13:46:00;1;25;2022;2022-06-22 00:00:00;DO94;BT66
2022-05-08 18:35:04;;1;45;8;15;17.5;73.75;18.75;;10;Fast;3;24;20;35;73.1;230;240;33.8;1;10:30:00;10:48:00;1;13:48:00;14:17:00;2;14:17:00;14:22:00;14:55:47;1;25;2022;2022-06-22 00:00:00;DO95;BT67
2022-05-08 18:35:04;;1;46;8;16;50;80;0;;2;Fast;6;15;20;20;50;230;240;37.4;2;10:00:00;10:09:59;2;16:09:59;16:38:59;3;07:38:59;07:44:00;08:21:23;1;25;2022;2022-06-23 00:00:00;DO96;BT68
2022-05-08 18:35:04;;1;47;8;16;50;71.25;0;;2;Fast;18;3;5;20;66.8;230;240;32;2;14:30:00;14:39:59;3;08:39:59;09:08:59;3;12:08:59;12:14:00;12:46:00;1;25;2022;2022-06-23 00:00:00;DO97;BT69
2022-05-08 18:35:04;;1;48;8;16;10;58.75;18.75;;2;Slow;18;3;5;20;56.3;230;240;42.8;2;15:00:00;15:10:00;3;09:10:00;09:39:00;3;12:39:00;12:44:00;13:26:48;1;25;2022;2022-06-23 00:00:00;DO98;BT70
2022-05-08 18:35:04;;1;49;9;17;15;55;5;;6.8;Fast;0.25;6;5;35;92;202.5;240;32;1;08:30:00;08:44:48;1;08:59:48;09:28:48;1;15:28:48;15:33:48;16:05:48;1;;;;;
2022-05-08 18:35:04;;1;50;9;17;17.5;63.75;11.25;;8.4;Fast;0.25;6;20;5;;202.5;240;39.2;1;08:45:00;09:01:24;1;09:16:24;09:45:24;1;15:45:24;15:50:24;16:29:36;2;;;;;
2022-05-08 18:35:04;;1;51;9;17;50;80;25;;2;Slow;0.25;6;20;5;;202.5;240;32;1;09:00:00;09:10:00;1;09:24:59;09:53:59;1;15:53:59;15:59:00;16:31:00;1;;;;;
2022-05-08 18:35:04;;1;52;9;18;0;80;6.25;;6.8;Slow;0.25;1;20;5;;202.5;240;46.09205778;2;09:00:00;09:14:48;2;09:29:48;09:58:48;2;10:58:48;11:03:48;11:49:53;1;;;;;
2022-05-08 18:35:04;;1;53;9;18;50;55;12.5;;2;Fast;0.25;1;20;5;;202.5;240;46.09205778;2;11:30:00;11:39:59;2;11:55:00;12:24:00;2;13:24:00;13:29:00;14:15:05;1;;;;;
2022-05-08 18:35:04;;1;54;9;18;5;67.5;25;;10;Fast;1;0.25;20;5;;202.5;240;34.7;2;13:45:00;14:02:59;2;15:03:00;15:32:00;2;15:47:00;15:52:00;16:26:42;1;;;;;
2022-05-08 18:35:04;;1;55;10;19;0;55;16.25;;10;Slow;6;21;20;5;;207.5;180;41.12180537;1;09:30:00;09:48:00;1;15:48:00;16:17:00;2;13:17:00;13:22:00;14:03:07;2;;;;;
2022-05-08 18:35:04;;1;56;10;19;50;80;25;;2;Fast;6;21;20;5;;207.5;180;41.12180537;1;08:30:00;08:39:59;1;14:39:59;15:08:59;2;12:08:59;12:14:00;12:55:07;1;;;;;
2022-05-08 18:35:04;;1;57;10;19;17.5;66.25;5;;5.2;Fast;6;21;20;5;;207.5;180;41.12180537;1;09:00:00;09:13:12;1;15:13:12;15:42:12;2;12:42:12;12:47:12;13:28:19;2;;;;;
2022-05-08 18:35:04;;1;58;10;20;15;66.25;0;;2;Slow;1;2.25;20;5;;207.5;180;41.12180537;2;09:15:00;09:24:59;2;10:25:00;10:54:00;2;13:09:00;13:14:00;13:55:07;1;;;;;
2022-05-08 18:35:04;;1;59;10;20;50;80;12.5;;10;Fast;1;2.25;20;5;;207.5;180;41.12180537;2;10:00:00;10:17:59;2;11:18:00;11:47:00;2;14:02:00;14:07:00;14:48:07;1;;;;;
2022-05-08 18:35:04;;1;60;10;20;22.5;55;22.5;;6;Slow;3;0.25;5;5;;207.5;180;45.5;2;11:00:00;11:14:00;2;14:14:00;14:43:00;2;14:58:00;15:03:00;15:48:30;1;;;;;
2022-05-08 18:35:04;;1;61;11;21;50;55;25;;9.2;Slow;0.25;0.25;5;5;;213.4567016;220.576019;42.62465115;1;08:45:00;09:02:12;1;09:17:11;09:46:11;1;10:01:12;10:06:12;10:48:49;1;;;;;
2022-05-08 18:35:04;;1;62;11;21;50;80;0;;10;Fast;0.25;0.25;5;5;;213.4567016;220.576019;42.62465115;1;10:00:00;10:17:59;1;10:33:00;11:02:00;1;11:17:00;11:22:00;12:04:37;1;;;;;
2022-05-08 18:35:04;;1;63;11;21;0;55;0;;2;Slow;0.25;0.25;5;5;;213.4567016;220.576019;42.62465115;1;11:15:00;11:25:00;1;11:39:59;12:08:59;1;12:24:00;12:29:00;13:11:37;1;;;;;
2022-05-08 18:35:04;;1;64;11;22;50;55;25;;10;Fast;0.25;18.75;5;5;;213.4567016;220.576019;42.62465115;2;12:45:00;13:03:00;2;13:17:59;13:46:59;3;08:31:59;08:37:00;09:19:37;1;;;;;
2022-05-08 18:35:04;;1;65;11;22;0;80;25;;10;Slow;0.25;18.75;5;5;;213.4567016;220.576019;42.62465115;2;13:45:00;14:02:59;2;14:18:00;14:47:00;3;09:32:00;09:37:00;10:19:37;1;;;;;
2022-05-08 18:35:04;;1;66;11;22;30;72.5;0;;2;Fast;0.25;18.75;5;20;86.26926193;213.4567016;220.576019;42.62465115;2;14:30:00;14:39:59;2;14:55:00;15:24:00;3;10:09:00;10:14:00;10:56:37;1;;;;;
2022-05-08 18:35:04;;1;67;12;23;22.5;65;25;;2;Fast;0.25;6;5;20;92;200;180;50;1;08:15:00;08:25:00;1;08:39:59;09:08:59;1;15:08:59;15:14:00;16:04:00;1;;;;;
2022-05-08 18:35:04;;1;68;12;23;0;80;25;;4.4;Slow;1;5.25;5;20;92;200;180;50;1;08:30:00;08:42:24;1;09:42:24;10:11:24;1;15:26:24;15:31:24;16:21:24;2;;;;;
2022-05-08 18:35:04;;1;69;12;23;27.5;66.25;10;;2;Fast;0.25;6;5;5;;200;180;36.5;1;08:45:00;08:55:00;1;09:10:00;09:39:00;1;15:39:00;15:44:00;16:20:30;1;;;;;
2022-05-08 18:35:04;;1;70;12;24;50;80;12.5;;7.2;Fast;6;18.25;5;20;92;200;180;41;2;09:15:00;09:30:11;2;15:30:11;15:59:12;3;10:14:12;10:19:12;11:00:11;1;;;;;
2022-05-08 18:35:04;;1;71;12;24;50;55;10;;2;Fast;3;21.25;20;20;86.6;200;180;32;2;10:45:00;10:54:59;2;13:54:59;14:23:59;3;11:39:00;11:44:00;12:16:00;1;;;;;
2022-05-08 18:35:04;;1;72;12;24;0;80;25;;6;Fast;18;6.25;20;20;86.6;200;180;50;2;14:30:00;14:44:00;3;08:44:00;09:13:00;3;15:28:00;15:32:59;16:23:00;1;;;;;
2022-05-08 18:35:04;;1;73;13;25;12.5;62.5;25;;10;Slow;24;6;20;35;73.1;212.5;204;50;1;08:45:00;09:03:00;2;09:03:00;09:32:00;2;15:32:00;15:37:00;16:27:00;2;;;;;
2022-05-08 18:35:04;;1;74;13;25;0;55;0;;10;Fast;24;6;5;35;50;212.5;204;41;1;09:15:00;09:32:59;2;09:32:59;10:01:59;2;16:01:59;16:07:00;16:48:00;1;;;;;
2022-05-08 18:35:04;;1;75;13;25;45;68.75;11.25;;4;Slow;6;24;5;35;50;212.5;204;32;1;08:30:00;08:42:00;1;14:42:00;15:11:00;2;15:11:00;15:16:00;15:48:00;1;;;;;
2022-05-08 18:35:04;;1;76;13;26;50;55;25;;10;Slow;3;0.25;20;35;50;212.5;204;32;2;09:00:00;09:18:00;2;12:18:00;12:47:00;2;13:01:59;13:07:00;13:38:59;1;;;;;
2022-05-08 18:35:04;;1;77;13;26;5;80;0;;2;Slow;0.25;3;5;35;50;212.5;204;38.3;2;10:00:00;10:09:59;2;10:25:00;10:54:00;2;13:54:00;13:59:00;14:37:18;1;;;;;
2022-05-08 18:35:04;;1;78;13;26;7.5;72.5;25;;2;Fast;1;2.25;5;35;50;212.5;204;32;2;10:30:00;10:40:00;2;11:39:59;12:08:59;2;14:23:59;14:29:00;15:01:00;2;;;;;
2022-05-08 18:35:04;;1;79;14;27;35;55;1.25;;2;Slow;0.25;24;20;5;;215;216;50;1;09:15:00;09:24:59;1;09:40:00;10:09:00;2;10:09:00;10:14:00;11:04:00;1;;;;;
2022-05-08 18:35:04;;1;80;14;27;50;63.75;25;;2;Fast;24;0.25;5;35;50;215;216;50;1;10:15:00;10:25:00;2;10:25:00;10:54:00;2;11:09:00;11:14:00;12:04:00;3;;;;;
2022-05-08 18:35:04;;1;81;14;27;0;70;11.25;;6;Fast;24;0.25;20;20;52.1;215;216;32;1;13:30:00;13:44:00;2;13:44:00;14:13:00;2;14:28:00;14:33:00;15:05:00;1;;;;;
2022-05-08 18:35:04;;1;82;14;28;0;66.25;10;;5.6;Fast;1;0.25;5;5;;215;216;46.4;2;11:30:00;11:43:36;2;12:43:35;13:12:35;2;13:27:36;13:32:36;14:19:00;1;;;;;
2022-05-08 18:35:04;;1;83;14;28;27.5;55;11.25;;6;Fast;0.25;1;5;5;;215;216;50;2;09:00:00;09:14:00;2;09:29:00;09:58:00;2;10:58:00;11:02:59;11:53:00;2;;;;;
2022-05-08 18:35:04;;1;84;14;28;27.5;55;25;;2;Slow;1;0.25;20;20;92;215;216;50;2;10:30:00;10:40:00;2;11:39:59;12:08:59;2;12:24:00;12:29:00;13:19:00;1;;;;;
2022-05-08 18:35:04;;1;85;15;29;0;67.5;13.75;;10;Slow;6;0.25;5;20;92;180;240;46.4;1;08:00:00;08:18:00;1;14:18:00;14:47:00;1;15:02:00;15:07:00;15:53:24;1;;;;;
2022-05-08 18:35:04;;1;86;15;29;25;67.5;25;;2;Slow;0.25;6;5;20;92;180;240;50;1;08:30:00;08:39:59;1;08:55:00;09:24:00;1;15:24:00;15:29:00;16:19:00;1;;;;;
2022-05-08 18:35:05;;1;87;15;29;30;55;25;;2;Slow;3;3.25;5;35;78.88393588;180;240;44.84361578;1;08:45:00;08:55:00;1;11:55:00;12:24:00;1;15:39:00;15:44:00;16:28:50;2;;;;;
2022-05-08 18:35:05;;1;88;15;30;0;80;0;;3.2;Fast;3;0.25;20;35;92;180;240;39.2;2;09:00:00;09:11:12;2;12:11:12;12:40:12;2;12:55:12;13:00:12;13:39:24;1;;;;;
2022-05-08 18:35:05;;1;89;15;30;0;70;0;;4.4;Slow;0.25;3;5;20;92;180;240;38.3;2;10:00:00;10:12:24;2;10:27:24;10:56:24;2;13:56:24;14:01:24;14:39:42;1;;;;;
2022-05-08 18:35:05;;1;90;15;30;50;55;0;;5.6;Fast;3;0.25;20;35;66.8;180;240;50;2;11:15:00;11:28:36;2;14:28:36;14:57:36;2;15:12:36;15:17:36;16:07:36;1;;;;;
2022-05-08 18:35:05;;1;91;16;31;17.5;70;16.25;;10;Slow;0.25;1;5;5;;230;180;41.9;1;09:15:00;09:32:59;1;09:48:00;10:17:00;1;11:17:00;11:22:00;12:03:54;1;;;;;
2022-05-08 18:35:05;;1;92;16;31;17.5;80;10;;3.2;Fast;1;0.25;5;35;83.6;230;180;49.1;1;10:15:00;10:26:12;1;11:26:12;11:55:12;1;12:10:12;12:15:12;13:04:18;1;;;;;
2022-05-08 18:35:05;;1;93;16;31;50;55;12.5;;10;Slow;1;0.25;20;35;92;230;180;32;1;12:00:00;12:18:00;1;13:17:59;13:46:59;1;14:02:00;14:07:00;14:39:00;1;;;;;
2022-05-08 18:35:05;;1;94;16;32;27.5;55;7.5;;5.2;Fast;1;5.25;5;35;58.4;230;180;32;2;09:00:00;09:13:12;2;10:13:12;10:42:12;2;15:57:12;16:02:11;16:34:12;1;;;;;
2022-05-08 18:35:05;;1;95;16;32;0;80;18.75;;2;Fast;0.25;6;20;35;66.8;230;180;45.5;2;09:15:00;09:24:59;2;09:40:00;10:09:00;2;16:09:00;16:14:00;16:59:30;2;;;;;
2022-05-08 18:35:05;;1;96;16;32;50;55;25;;7.2;Slow;0.25;6;5;5;;230;180;49.1;2;10:15:00;10:30:12;2;10:45:12;11:14:12;2;17:14:12;17:19:12;18:08:18;1;;;;;
2022-05-08 18:35:05;;1;97;17;33;41.15449309;74.87173896;19.06168832;;6.478405705;Fast;0.25;29.75;5;5;;230;210;33.0775676;1;08:30:00;08:44:28;1;08:59:28;09:28:28;2;15:13:28;15:18:28;15:51:33;1;;;;;
2022-05-08 18:35:05;;1;98;17;33;50;55;0;;10;Slow;24;6;5;5;;230;210;34.7;1;08:45:00;09:03:00;2;09:03:00;09:32:00;2;15:32:00;15:37:00;16:11:42;2;;;;;
2022-05-08 18:35:05;;1;99;17;33;41.15449309;74.87173896;19.06168832;;6.478405705;Fast;0.25;29.75;20;5;;230;210;50;1;09:15:00;09:29:28;1;09:44:28;10:13:28;2;15:58:28;16:03:28;16:53:28;1;;;;;
2022-05-08 18:35:05;;1;100;17;34;0;66.25;0;;10;Slow;0.25;6;5;5;;230;210;32;2;09:00:00;09:18:00;2;09:32:59;10:01:59;2;16:01:59;16:07:00;16:38:59;2;;;;;
2022-05-08 18:35:05;;1;101;17;34;50;55;6.25;;3.6;Fast;1;5.25;5;5;;230;210;32;2;10:00:00;10:11:36;2;11:11:36;11:40:36;2;16:55:36;17:00:36;17:32:36;1;;;;;
2022-05-08 18:35:05;;1;102;17;34;0;68.75;0;;10;Slow;6;0.25;5;5;;230;210;32;2;10:30:00;10:48:00;2;16:48:00;17:17:00;2;17:31:59;17:37:00;18:08:59;2;;;;;
2022-05-08 18:35:05;;1;103;18;35;20;75;0;;10;Fast;18;0.25;5;20;50;180;180;32;1;15:15:00;15:32:59;2;09:32:59;10:01:59;2;10:17:00;10:22:00;10:54:00;1;;;;;
2022-05-08 18:35:05;;1;104;18;35;22.5;62.5;13.75;;5.6;Slow;6;12.25;5;5;;180;180;32;1;12:30:00;12:43:35;1;18:43:35;19:12:35;2;07:27:36;07:32:36;08:04:36;1;;;;;
2022-05-08 18:35:05;;1;105;18;35;25;75;10;;10;Fast;6;12.25;5;20;92;180;180;50;1;13:30:00;13:48:00;1;19:48:00;20:17:00;2;08:31:59;08:37:00;09:27:00;1;;;;;
2022-05-08 18:35:05;;1;106;18;36;0;80;25;;10;Fast;0.25;6;20;5;;180;180;32;2;07:15:00;07:33:00;2;07:48:00;08:17:00;2;14:17:00;14:22:00;14:54:00;1;;;;;
2022-05-08 18:35:05;;1;107;18;36;50;67.5;15;;10;Slow;1;5.25;20;5;;180;180;50;2;07:45:00;08:02:59;2;09:03:00;09:32:00;2;14:47:00;14:52:00;15:42:00;2;;;;;
2022-05-08 18:35:05;;1;108;18;36;0;80;25;;10;Fast;3;3.25;5;35;50;180;180;32;2;09:00:00;09:18:00;2;12:18:00;12:47:00;2;16:01:59;16:07:00;16:38:59;1;;;;;
2022-05-08 18:35:05;;1;109;19;37;6.57526241;79.16884232;16.90694011;;2.769247387;Slow;1;5.25;20;5;;223.1831822;231.9674309;45.19510632;1;08:00:00;08:10:46;1;09:10:46;09:39:46;1;14:54:46;14:59:46;15:44:57;1;;;;;
2022-05-08 18:35:05;;1;110;19;37;6.57526241;79.16884232;16.90694011;;2.769247387;Slow;1;5.25;20;5;;223.1831822;231.9674309;45.19510632;1;08:30:00;08:40:46;1;09:40:46;10:09:46;1;15:24:46;15:29:46;16:14:57;1;;;;;
2022-05-08 18:35:05;;1;111;19;37;6.57526241;79.16884232;16.90694011;;2.769247387;Slow;1;5.25;20;5;;223.1831822;231.9674309;45.19510632;1;08:45:00;08:55:46;1;09:55:46;10:24:46;1;15:39:46;15:44:46;16:29:57;2;;;;;
2022-05-08 18:35:05;;1;112;19;38;50;66.25;25;;10;Fast;0.25;1;5;5;;223.1831822;231.9674309;45.19510632;2;09:45:00;10:03:00;2;10:17:59;10:46:59;2;11:47:00;11:52:00;12:37:11;1;;;;;
2022-05-08 18:35:05;;1;113;19;38;6.57526241;79.16884232;16.90694011;;2.769247387;Slow;1;0.25;20;20;66.43997164;223.1831822;231.9674309;32;2;11:30:00;11:40:46;2;12:40:46;13:09:46;2;13:24:46;13:29:46;14:01:46;1;;;;;
2022-05-08 18:35:05;;1;114;19;38;6.57526241;79.16884232;16.90694011;;2.769247387;Slow;1;0.25;20;5;;223.1831822;231.9674309;45.19510632;2;13:00:00;13:10:46;2;14:10:46;14:39:46;2;14:54:46;14:59:46;15:44:57;1;;;;;
2022-05-08 18:35:05;;1;115;20;39;0;80;5;;2;Fast;0.25;29.75;20;5;;230;240;32;1;06:45:00;06:55:00;1;07:09:59;07:38:59;2;13:24:00;13:29:00;14:01:00;1;;;;;
2022-05-08 18:35:05;;1;116;20;39;50;77.5;25;;10;Slow;0.25;29.75;5;5;;230;240;50;1;08:30:00;08:47:59;1;09:03:00;09:32:00;2;15:16:59;15:22:00;16:12:00;1;;;;;
2022-05-08 18:35:05;;1;117;20;39;50;63.75;0;;10;Slow;0.25;29.75;20;20;50;230;240;32;1;09:00:00;09:18:00;1;09:32:59;10:01:59;2;15:47:00;15:52:00;16:24:00;2;;;;;
2022-05-08 18:35:05;;1;118;20;40;50;80;12.5;;10;Fast;0.25;18;5;35;62.6;230;240;50;2;14:00:00;14:18:00;2;14:33:00;15:02:00;3;09:02:00;09:07:00;09:57:00;2;;;;;
2022-05-08 18:35:05;;1;119;20;40;0;55;0;;5.2;Fast;1;17.25;5;20;52.1;230;240;39.2;2;14:45:00;14:58:12;2;15:58:12;16:27:12;3;09:42:12;09:47:12;10:26:24;1;;;;;
2022-05-08 18:35:05;;1;120;20;40;45;55;25;;10;Slow;0.25;18;5;20;56.3;230;240;40.1;2;13:30:00;13:48:00;2;14:02:59;14:31:59;3;08:31:59;08:37:00;09:17:06;1;;;;;
2022-05-08 18:35:05;;1;121;21;41;50;80;25;;2;Fast;18;0.25;20;35;92;192.5;213;50;1;15:00:00;15:10:00;2;09:10:00;09:39:00;2;09:53:59;09:59:00;10:49:00;3;;;;;
2022-05-08 18:35:05;;1;122;21;41;0;55;17.5;;10;Slow;0.25;18;20;35;79.4;192.5;213;42.8;1;14:00:00;14:18:00;1;14:33:00;15:02:00;2;09:02:00;09:07:00;09:49:48;1;;;;;
2022-05-08 18:35:05;;1;123;21;41;0;65;0;;2;Fast;0.25;18;5;35;89.9;192.5;213;32;1;14:45:00;14:55:00;1;15:10:00;15:39:00;2;09:39:00;09:44:00;10:16:00;2;;;;;
2022-05-08 18:35:05;;1;124;21;42;50;55;18.75;;10;Fast;6;19;20;35;92;192.5;213;45.5;2;09:15:00;09:32:59;2;15:32:59;16:01:59;3;11:02:00;11:07:00;11:52:30;1;;;;;
2022-05-08 18:35:05;;1;125;21;42;0;55;7.5;;2;Slow;3;22;20;35;87.8;192.5;213;50;2;10:15:00;10:25:00;2;13:25:00;13:54:00;3;11:54:00;11:59:00;12:49:00;2;;;;;
2022-05-08 18:35:05;;1;126;21;42;27.5;80;0;;10;Slow;1;24;5;35;77.3;192.5;213;45.5;2;11:15:00;11:33:00;2;12:32:59;13:01:59;3;13:01:59;13:07:00;13:52:30;1;;;;;
2022-05-08 18:35:05;;1;127;22;43;50;68.75;11.25;;10;Fast;0.25;1;5;20;92;230;180;50;1;09:45:00;10:03:00;1;10:17:59;10:46:59;1;11:47:00;11:52:00;12:42:00;1;;;;;
2022-05-08 18:35:05;;1;128;22;43;22.5;78.75;0;;6;Slow;1;0.25;5;20;54.2;230;180;40.1;1;10:45:00;10:59:00;1;11:59:00;12:28:00;1;12:43:00;12:48:00;13:28:06;2;;;;;
2022-05-08 18:35:05;;1;129;22;43;50;62.5;23.75;;2;Fast;1;0.25;20;20;56.3;230;180;41;1;11:45:00;11:55:00;1;12:55:00;13:24:00;1;13:38:59;13:44:00;14:25:00;1;;;;;
2022-05-08 18:35:05;;1;130;22;44;17.5;55;6.25;;2;Fast;3;27;5;20;60.5;230;180;50;2;06:30:00;06:40:00;2;09:40:00;10:09:00;3;13:09:00;13:14:00;14:04:00;1;;;;;
2022-05-08 18:35:05;;1;131;22;44;12.5;55;25;;10;Fast;6;24;5;20;73.1;230;180;32;2;07:15:00;07:33:00;2;13:33:00;14:02:00;3;14:02:00;14:07:00;14:39:00;1;;;;;
2022-05-08 18:35:05;;1;132;22;44;0;80;25;;2;Slow;1;29;5;20;79.4;230;180;50;2;09:00:00;09:10:00;2;10:09:59;10:38:59;3;15:39:00;15:44:00;16:34:00;1;;;;;
2022-05-08 18:35:05;;1;133;23;45;0;68.75;10;;10;Slow;0.25;23.75;5;20;92;230;210;32;1;12:15:00;12:32:59;1;12:48:00;13:17:00;2;13:01:59;13:07:00;13:38:59;1;;;;;
2022-05-08 18:35:06;;1;134;23;45;50;80;0;;2;Slow;18;6;20;35;50;230;210;32;1;15:00:00;15:10:00;2;09:10:00;09:39:00;2;15:39:00;15:44:00;16:16:00;1;;;;;
2022-05-08 18:35:06;;1;135;23;45;20;66.25;25;;7.2;Fast;1;23;5;35;89.9;230;210;36.5;1;10:30:00;10:45:12;1;11:45:11;12:14:12;2;11:14:12;11:19:12;11:55:42;1;;;;;
2022-05-08 18:35:06;;1;136;23;46;35;80;0;;10;Fast;18;0.25;5;5;;230;210;32;2;14:45:00;15:03:00;3;09:03:00;09:32:00;3;09:47:00;09:52:00;10:24:00;1;;;;;
2022-05-08 18:35:06;;1;137;23;46;20;60;7.5;;2;Fast;6;12.25;20;35;87.8;230;210;39.2;2;12:45:00;12:55:00;2;18:55:00;19:24:00;3;07:38:59;07:44:00;08:23:12;1;;;;;
2022-05-08 18:35:06;;1;138;23;46;50;80;25;;5.6;Slow;0.25;18;20;35;92;230;210;50;2;13:45:00;13:58:36;2;14:13:35;14:42:35;3;08:42:35;08:47:36;09:37:36;1;;;;;
2022-05-08 18:35:06;;1;139;24;47;50;67.5;0;;6.8;Slow;6;15;20;5;;180;207;41;1;10:15:00;10:29:48;1;16:29:48;16:58:48;2;07:58:48;08:03:48;08:44:48;1;;;;;
2022-05-08 18:35:06;;1;140;24;47;22.5;71.25;16.25;;2;Fast;1;20;5;5;;180;207;50;1;12:00:00;12:10:00;1;13:09:59;13:38:59;2;09:39:00;09:44:00;10:34:00;1;;;;;
2022-05-08 18:35:06;;1;141;24;47;0;67.5;12.5;;10;Slow;18;3;5;5;;180;207;50;1;14:45:00;15:03:00;2;09:03:00;09:32:00;2;12:32:00;12:37:00;13:27:00;1;;;;;
2022-05-08 18:35:06;;1;142;24;48;50;61.25;0;;10;Slow;0.25;0.25;5;5;;180;207;50;2;11:15:00;11:33:00;2;11:47:59;12:16:59;2;12:32:00;12:37:00;13:27:00;1;;;;;
2022-05-08 18:35:06;;1;143;24;48;17.5;80;25;;2;Fast;0.25;0.25;5;5;;180;207;48.2;2;12:15:00;12:24:59;2;12:40:00;13:09:00;2;13:24:00;13:29:00;14:17:12;1;;;;;
2022-05-08 18:35:06;;1;144;24;48;25;66.25;15;;10;Slow;0.25;0.25;20;5;;180;207;32;2;10:00:00;10:17:59;2;10:33:00;11:02:00;2;11:17:00;11:22:00;11:54:00;1;;;;;
2022-05-08 18:35:06;;1;145;25;49;0;57.5;25;;9.2;Fast;0.25;20.75;20;20;73.1;200;240;37.4;1;11:30:00;11:47:12;1;12:02:12;12:31:12;2;09:16:12;09:21:12;09:58:36;1;;;;;
2022-05-08 18:35:06;;1;146;25;49;0;76.25;2.5;;10;Slow;0.25;20.75;20;20;53.45654209;200;240;49.04088242;1;12:15:00;12:32:59;1;12:48:00;13:17:00;2;10:01:59;10:07:00;10:56:02;2;;;;;
2022-05-08 18:35:06;;1;147;25;49;50;55;0;;2;Slow;0.25;20.75;20;5;;200;240;50;1;14:30:00;14:39:59;1;14:55:00;15:24:00;2;12:08:59;12:14:00;13:04:00;1;;;;;
2022-05-08 18:35:06;;1;148;25;50;0;80;25;;2;Slow;1;0.25;20;20;50;200;240;43.7;2;09:15:00;09:24:59;2;10:25:00;10:54:00;2;11:09:00;11:14:00;11:57:42;1;;;;;
2022-05-08 18:35:06;;1;149;25;50;0;55;25;;2;Slow;0.25;1;20;35;92;200;240;32;2;11:15:00;11:25:00;2;11:39:59;12:08:59;2;13:09:00;13:14:00;13:46:00;2;;;;;
2022-05-08 18:35:06;;1;150;25;50;50;55;2.5;;10;Fast;1;0.25;5;20;50;200;240;50;2;12:00:00;12:18:00;2;13:17:59;13:46:59;2;14:02:00;14:07:00;14:57:00;1;;;;;
2022-05-08 18:35:06;;1;151;26;51;50;70;15;;5.6;Slow;0.25;23.75;20;35;80.47097755;202.5;210;45.82065247;1;09:45:00;09:58:36;1;10:13:36;10:42:36;2;10:27:36;10:32:36;11:18:25;1;;;;;
2022-05-08 18:35:06;;1;152;26;51;50;68.75;13.75;;2;Fast;0.25;23.75;20;35;56.3;202.5;210;43.7;1;11:30:00;11:39:59;1;11:55:00;12:24:00;2;12:08:59;12:14:00;12:57:42;1;;;;;
2022-05-08 18:35:06;;1;153;26;51;22.5;67.5;0;;10;Fast;1;23;20;20;80.47097755;202.5;210;45.82065247;1;13:00:00;13:17:59;1;14:18:00;14:47:00;2;13:46:59;13:52:00;14:37:49;1;;;;;
2022-05-08 18:35:06;;1;154;26;52;0;80;16.25;;10;Slow;6;0.25;20;35;80.47097755;202.5;210;45.82065247;2;08:00:00;08:18:00;2;14:18:00;14:47:00;2;15:02:00;15:07:00;15:52:49;1;;;;;
2022-05-08 18:35:06;;1;155;26;52;50;80;0;;10;Fast;6;0.25;5;20;58.4;202.5;210;50;2;08:30:00;08:47:59;2;14:47:59;15:16:59;2;15:32:00;15:37:00;16:27:00;2;;;;;
2022-05-08 18:35:06;;1;156;26;52;50;80;0;;6.4;Fast;0.25;6;20;20;68.9;202.5;210;50;2;09:00:00;09:14:23;2;09:29:24;09:58:24;2;15:58:24;16:03:24;16:53:24;1;;;;;
2022-05-08 18:35:06;;1;157;27;53;27.9581773;72.01387777;3.555506726;;2.847462405;Fast;0.25;1;5;5;;180;240;32;1;09:15:00;09:25:50;1;09:40:50;10:09:50;1;11:09:50;11:14:50;11:46:50;1;;;;;
2022-05-08 18:35:06;;1;158;27;53;50;55;15;;6;Fast;1;0.25;20;20;92;180;240;50;1;10:30:00;10:44:00;1;11:44:00;12:13:00;1;12:28:00;12:32:59;13:23:00;1;;;;;
2022-05-08 18:35:06;;1;159;27;53;27.9581773;55;12.5;;2;Fast;1;0.25;5;35;92;180;240;41;1;11:30:00;11:39:59;1;12:40:00;13:09:00;1;13:24:00;13:29:00;14:10:00;2;;;;;
2022-05-08 18:35:06;;1;160;27;54;17.5;80;6.25;;2;Slow;18;0.25;5;20;58.4;180;240;41;2;15:15:00;15:24:59;3;09:24:59;09:53:59;3;10:09:00;10:14:00;10:54:59;1;;;;;
2022-05-08 18:35:06;;1;161;27;54;0;80;25;;2;Slow;1;17.25;20;5;;180;240;32;2;14:00:00;14:10:00;2;15:10:00;15:39:00;3;08:54:00;08:59:00;09:31:00;1;;;;;
2022-05-08 18:35:06;;1;162;27;54;0;55;25;;10;Fast;18;0.25;20;5;;180;240;50;2;14:15:00;14:33:00;3;08:33:00;09:02:00;3;09:16:59;09:22:00;10:12:00;2;;;;;
2022-05-08 18:35:06;;1;163;28;55;0;80;25;;10;Fast;1;5.25;5;20;50;205;240;50;1;07:30:00;07:48:00;1;08:47:59;09:16:59;1;14:31:59;14:37:00;15:27:00;1;;;;;
2022-05-08 18:35:06;;1;164;28;55;50;55;0;;2;Slow;3;3.25;5;20;50;205;240;32;1;08:30:00;08:39:59;1;11:39:59;12:08:59;1;15:24:00;15:29:00;16:01:00;2;;;;;
2022-05-08 18:35:06;;1;165;28;55;0;80;25;;10;Fast;0.25;6;5;5;;205;240;32;1;08:45:00;09:03:00;1;09:18:00;09:47:00;1;15:47:00;15:52:00;16:24:00;1;;;;;
2022-05-08 18:35:06;;1;166;28;56;0;80;0;;10;Slow;6;18.25;5;5;;205;240;50;2;09:15:00;09:32:59;2;15:32:59;16:01:59;3;10:17:00;10:22:00;11:12:00;1;;;;;
2022-05-08 18:35:06;;1;167;28;56;0;71.25;0;;2;Fast;0.25;24;5;35;92;205;240;50;2;10:45:00;10:54:59;2;11:10:00;11:39:00;3;11:39:00;11:44:00;12:34:00;1;;;;;
2022-05-08 18:35:06;;1;168;28;56;35;55;25;;6.4;Fast;18;6.25;5;5;;205;240;39.2;2;14:30:00;14:44:24;3;08:44:24;09:13:24;3;15:28:24;15:33:24;16:12:35;1;;;;;
2022-05-08 18:35:06;;1;169;29;57;50;68.75;25;;10;Slow;0.25;1.75;20;20;59.03488105;202.5;204;44.50844251;1;09:00:00;09:18:00;1;09:32:59;10:01:59;1;11:47:00;11:52:00;12:36:30;1;;;;;
2022-05-08 18:35:06;;1;170;29;57;0;55;25;;2;Slow;0.25;1.75;20;20;50;202.5;204;32;1;10:45:00;10:54:59;1;11:10:00;11:39:00;1;13:24:00;13:29:00;14:01:00;1;;;;;
2022-05-08 18:35:06;;1;171;29;57;0;66.25;25;;10;Fast;1;1;5;5;;202.5;204;42.8;1;11:30:00;11:47:59;1;12:48:00;13:17:00;1;14:17:00;14:22:00;15:04:48;1;;;;;
2022-05-08 18:35:06;;1;172;29;58;37.53441888;78.03689833;6.351263743;;5.401997493;Fast;1;18;20;20;59.03488105;202.5;204;44.50844251;2;15:00:00;15:13:24;2;16:13:24;16:42:24;3;10:42:24;10:47:24;11:31:54;1;;;;;
2022-05-08 18:35:06;;1;173;29;58;37.53441888;78.03689833;6.351263743;;5.401997493;Fast;1;18;20;20;59.03488105;202.5;204;44.50844251;2;13:00:00;13:13:24;2;14:13:24;14:42:24;3;08:42:24;08:47:24;09:31:54;1;;;;;
2022-05-08 18:35:06;;1;174;29;58;37.53441888;78.03689833;6.351263743;;5.401997493;Fast;1;18;20;20;59.03488105;202.5;204;44.50844251;2;14:00:00;14:13:24;2;15:13:24;15:42:24;3;09:42:24;09:47:24;10:31:54;1;;;;;
2022-05-08 18:35:06;;1;175;30;59;48.65239572;67.59404587;22.83037889;;6.416611968;Slow;0.25;0.25;20;20;66.59639677;229.9115331;214.6292978;49.10663154;1;09:00:00;09:14:24;1;09:29:24;09:58:24;1;10:13:24;10:18:24;11:07:31;1;;;;;
2022-05-08 18:35:06;;1;176;30;59;48.65239572;67.59404587;22.83037889;;6.416611968;Slow;0.25;0.25;20;20;66.59639677;229.9115331;214.6292978;49.10663154;1;10:30:00;10:44:24;1;10:59:24;11:28:24;1;11:43:24;11:48:24;12:37:31;1;;;;;
2022-05-08 18:35:06;;1;177;30;59;48.65239572;67.59404587;22.83037889;;6.416611968;Slow;0.25;0.25;20;20;66.59639677;229.9115331;214.6292978;49.10663154;1;12:00:00;12:14:24;1;12:29:24;12:58:24;1;13:13:24;13:18:24;14:07:31;1;;;;;
2022-05-08 18:35:06;;1;178;30;60;48.65239572;67.59404587;22.83037889;;6.416611968;Slow;1;26;20;20;66.59639677;229.9115331;214.6292978;49.10663154;2;10:30:00;10:44:24;2;11:44:24;12:13:24;3;14:13:24;14:18:24;15:07:31;1;;;;;
2022-05-08 18:35:06;;1;179;30;60;48.65239572;67.59404587;22.83037889;;6.416611968;Slow;1;26;20;20;66.59639677;229.9115331;214.6292978;49.10663154;2;09:00:00;09:14:24;2;10:14:24;10:43:24;3;12:43:24;12:48:24;13:37:31;1;;;;;
2022-05-08 18:35:06;;1;180;30;60;48.65239572;67.59404587;22.83037889;;6.416611968;Slow;1;26;20;20;66.59639677;229.9115331;214.6292978;49.10663154;2;09:30:00;09:44:24;2;10:44:24;11:13:24;3;13:13:24;13:18:24;14:07:31;1;;;;;
2022-05-08 18:35:07;;1;181;31;62;0;55;0;;10;Fast;1;5.25;20;5;;202.5;210;37.61205286;1;08:45:00;09:03:00;1;10:03:00;10:32:00;1;15:47:00;15:52:00;16:29:36;1;15;2022;2022-04-14 00:00:00;DO47;BT19
2022-05-08 18:35:07;;1;182;31;62;50;80;0;;2;Slow;6;0.25;20;5;;202.5;210;37.61205286;1;08:15:00;08:25:00;1;14:25:00;14:54:00;1;15:08:59;15:14:00;15:51:36;1;15;2022;2022-04-14 00:00:00;DO48;BT20
2022-05-08 18:35:07;;1;183;31;62;0;55;0;;2;Fast;3;3.25;20;5;;202.5;210;37.61205286;1;08:30:00;08:39:59;1;11:39:59;12:08:59;1;15:24:00;15:29:00;16:06:36;2;15;2022;2022-04-14 00:00:00;DO49;BT21
;;1;184;31;63;0;55;0;;2;Fast;3;3.25;20;5;;202.5;210;37.61205286;2;08:45:00;08:55:00;2;11:55:00;12:24:00;2;15:39:00;15:44:00;16:21:36;1;;;;;
;;1;185;31;63;50;80;0;;2;Slow;6;0.25;20;5;;202.5;210;37.61205286;2;09:00:00;09:10:00;2;15:10:00;15:39:00;2;15:53:59;15:59:00;16:36:36;1;;;;;
;;1;186;31;63;0;55;0;;10;Fast;1;5.25;20;5;;202.5;210;37.61205286;2;09:15:00;09:32:59;2;10:33:00;11:02:00;2;16:17:00;16:22:00;16:59:36;2;;;;;
;;1;187;32;64;35;65;25;;5.2;Fast;0.25;1;20;35;89.9;202.5;183;36.5;1;08:15:00;08:28:12;3;08:43:12;09:12:12;3;10:12:12;10:17:12;10:53:41;1;;;;;
;;1;188;32;64;0;55;25;;5.6;Fast;0.25;1;20;35;77.3;202.5;183;32;1;09:00:00;09:13:36;3;09:28:36;09:57:36;3;10:57:35;11:02:36;11:34:35;2;;;;;
;;1;189;32;64;27.5;72.5;25;;6;Slow;1;0.25;20;35;82.55038219;202.5;183;35.6;1;11:45:00;11:59:00;3;12:59:00;13:28:00;3;13:43:00;13:48:00;14:23:36;1;;;;;
;;1;190;32;65;40;78.75;25;;10;Slow;18;3;20;35;76.2;202.5;183;41;2;14:15:00;14:33:00;3;08:33:00;09:02:00;3;12:02:00;12:07:00;12:48:00;2;;;;;
;;1;191;32;65;35;80;18.75;;2;Slow;1;20;5;35;76.2;202.5;183;37.4;2;11:45:00;11:55:00;2;12:55:00;13:24:00;3;09:24:00;09:29:00;10:06:24;1;;;;;
;;1;192;32;65;25;78.75;25;;10;Fast;0.25;20.75;20;35;58.4;202.5;183;50;2;13:30:00;13:48:00;2;14:02:59;14:31:59;3;11:17:00;11:22:00;12:12:00;1;;;;;
;;1;193;33;66;0;55;0;;9.6;Fast;0.25;24.75;5;5;;180;180;50;1;09:00:00;09:17:36;1;09:32:36;10:01:36;2;10:46:36;10:51:36;11:41:36;1;;;;;
;;1;194;33;66;42.5;80;11.25;;8.4;Fast;24;1;20;5;;180;180;50;1;10:45:00;11:01:24;2;11:01:24;11:30:24;2;12:30:23;12:35:24;13:25:24;1;;;;;
;;1;195;33;66;0;55;0;;2;Fast;24;1;20;5;;180;180;41.9;1;13:15:00;13:25:00;2;13:25:00;13:54:00;2;14:54:00;14:59:00;15:40:54;1;;;;;
;;1;196;33;67;50;55;0;;2;Fast;3;3.25;20;5;;180;180;48.2;2;09:00:00;09:10:00;2;12:10:00;12:39:00;2;15:53:59;15:59:00;16:47:11;1;;;;;
;;1;197;33;67;50;80;0;;2;Slow;1;5.25;20;5;;180;180;32.9;2;09:15:00;09:24:59;2;10:25:00;10:54:00;2;16:09:00;16:14:00;16:46:54;2;;;;;
;;1;198;33;67;35;80;12.5;;2.8;Slow;0.25;6;20;5;;180;180;44.6;2;10:15:00;10:25:47;2;10:40:48;11:09:48;2;17:09:48;17:14:48;17:59:24;1;;;;;
2022-09-22 10:07:28;;2;1;1;1;30;55;0;0.1;2;Slow;0.25;0.25;20;35;92;;240;32;1;12:00:00;12:10:00;1;12:25:00;12:54:00;1;13:08:59;13:13:59;13:45:59;1;39;2022;2022-09-28 00:00:00;DO101;BT73
2022-09-22 10:07:28;;2;2;1;1;12.5;65;13.75;0.575;6;Slow;0.25;0.25;20;5;;;240;46.4;1;09:30:00;09:44:00;1;09:59:00;10:28:00;1;10:42:59;10:47:59;11:34:23;1;39;2022;2022-09-28 00:00:00;DO99;BT71
2022-09-22 10:07:28;;2;3;1;1;50;80;25;2;10;Slow;0.25;0.25;20;20;83.6;;240;50;1;10:45:00;11:02:59;1;11:18:00;11:47:00;1;12:01:59;12:06:59;12:56:59;1;39;2022;2022-09-28 00:00:00;DO100;BT72
2022-09-22 10:07:28;;2;4;1;2;0;67.5;8.75;1.145;10;Slow;0.25;1;5;35;92;;240;41;2;11:30:00;11:47:59;2;12:03:00;12:32:00;2;13:31:59;13:36:59;14:17:59;2;39;2022;2022-09-29 00:00:00;DO106;BT77
2022-09-22 10:07:29;;2;5;1;2;17.5;80;22.5;0.765;10;Fast;1;0.25;5;20;92;;240;50;2;09:15:00;09:32:59;2;10:33:00;11:02:00;2;11:16:59;11:21:59;12:11:59;1;39;2022;2022-09-29 00:00:00;DO104;BT75
2022-09-22 10:07:29;;2;6;1;2;2.5;78.75;25;0.1;4.8;Fast;0.25;1;20;35;92;;240;50;2;11:00:00;11:12:48;2;11:27:48;11:56:48;2;12:56:47;13:01:47;13:51:47;1;39;2022;2022-09-29 00:00:00;DO105;BT76
2022-09-22 10:07:29;;2;7;2;3;10;72.5;22.5;0.765;5.6;Slow;5.999999999;0.250000003;5;5;;;213;32;1;08:00:00;08:13:36;1;14:13:36;14:42:36;1;14:57:36;15:02:36;15:34:36;1;40;2022;2022-10-05 00:00:00;DO109;BT80
2022-09-22 10:07:29;;2;8;2;4;47.5;76.25;0;0.67;4.4;Slow;1;1.000000001;20;20;92;;213;47.3;2;11:00:00;11:12:24;2;12:12:24;12:41:24;2;13:41:24;13:46:24;14:33:42;1;40;2022;2022-10-05 00:00:00;DO107;BT78
2022-09-22 10:07:29;;2;9;2;3;42.5;80;10;0.765;6.4;Fast;1;5.250000002;5;20;87.8;;213;32;1;08:30:00;08:44:24;1;09:44:24;10:13:24;1;15:28:24;15:33:24;16:05:24;2;40;2022;2022-10-05 00:00:00;DO108;BT79
2022-09-22 10:07:29;;2;10;3;5;50;80;13.75;0.1;6.4;Fast;3.000000001;24;5;5;;;205.2194218;48.72516487;1;09:30:00;09:44:24;1;12:44:24;13:13:24;2;13:13:23;13:18:23;14:07:07;1;40;2022;2022-10-06 00:00:00;DO110;BT81
2022-09-22 10:07:29;;2;11;3;6;42.5;72.5;15;2;9.6;Fast;0.25;1;5;5;;;205.2194218;48.72516487;2;12:15:00;12:32:36;2;12:47:36;13:16:36;2;14:16:35;14:21:35;15:10:19;1;40;2022;2022-10-06 00:00:00;DO111;BT82
2022-09-22 10:07:29;;2;12;3;5;50;65;25;0.1;2;Fast;23.99999999;3.000000008;5;5;;;205.2194218;48.72516487;1;10:00:00;10:09:59;2;10:09:59;10:38:59;2;13:38:59;13:43:59;14:32:43;2;40;2022;2022-10-06 00:00:00;DO112;BT83
2022-09-22 10:07:29;;2;13;4;7;0;80;0;1.62;10;Fast;1;1.000000001;5;35;62.6;;237;38.3;1;10:15:00;10:33:00;1;11:33:00;12:02:00;1;13:02:00;13:07:00;13:45:18;2;41;2022;2022-10-12 00:00:00;DO113;BT84
2022-09-22 10:07:29;;2;14;4;7;50;80;0;0.955;2;Fast;0.25;1.750000001;20;35;50;;237;35.6;1;09:45:00;09:55:00;1;10:10:00;10:39:00;1;12:24:00;12:29:00;13:04:36;1;41;2022;2022-10-12 00:00:00;DO114;BT85
2022-09-22 10:07:29;;2;15;4;8;2.5;55;25;1.335;4.4;Slow;0.25;0.25;5;35;56.3;;237;32;2;09:30:00;09:42:24;2;09:57:24;10:26:24;2;10:41:23;10:46:23;11:18:23;1;41;2022;2022-10-12 00:00:00;DO115;BT86
2022-09-22 10:07:29;;2;16;5;9;50;61.25;18.75;0.784858569;10;Slow;3.000000001;15.25;20;5;;;210;35.6;1;14:30:00;14:47:59;1;17:48:00;18:17:00;2;09:31:59;09:36:59;10:12:35;1;41;2022;2022-10-13 00:00:00;DO118;BT89
2022-09-22 10:07:29;;2;17;5;10;22.5;68.75;12.5;0.765;10;Slow;5.999999999;0.250000003;20;5;;;210;36.5;2;09:15:00;09:32:59;2;15:32:59;16:01:59;2;16:17:00;16:22:00;16:58:30;1;41;2022;2022-10-13 00:00:00;DO116;BT87
2022-09-22 10:07:29;;2;18;5;9;50;68.75;0;0.1;4.4;Slow;3.000000001;15.25;20;5;;;210;32.9;1;13:45:00;13:57:24;1;16:57:24;17:26:24;2;08:41:23;08:46:23;09:19:17;1;41;2022;2022-10-13 00:00:00;DO117;BT88
2022-09-22 10:07:29;;2;19;6;11;12.5;55;0;0.1;10;Fast;1;0.25;20;20;50;;180;32;1;11:15:00;11:33:00;1;12:32:59;13:01:59;1;13:16:59;13:21:59;13:53:59;1;42;2022;2022-10-19 00:00:00;DO119;BT90
2022-09-22 10:07:29;;2;20;6;11;50;55;11.25;2;6;Slow;1;0.25;5;5;;;180;32;1;10:00:00;10:14:00;1;11:14:00;11:43:00;1;11:57:59;12:02:59;12:34:59;1;42;2022;2022-10-19 00:00:00;DO120;BT91
2022-09-22 10:07:29;;2;21;6;12;30;67.5;25;0.1;10;Fast;1;0.25;20;5;;;180;42.8;2;11:00:00;11:18:00;2;12:18:00;12:47:00;2;13:01:59;13:06:59;13:49:47;1;42;2022;2022-10-19 00:00:00;DO121;BT92
2022-09-22 10:07:29;;2;22;7;14;50;80;0;0.1;10;Fast;18;0.249999998;20;35;50;;201.7151325;45.21769623;2;14:30:00;14:47:59;3;08:48:00;09:17:00;3;09:31:59;09:36:59;10:22:13;2;42;2022;2022-10-20 00:00:00;DO123;BT94
2022-09-22 10:07:29;;2;23;7;13;7.029100837;69.74475913;14.51392085;0.179789101;3.865619277;Slow;0.25;24;20;35;57.54845658;;201.7151325;45.21769623;1;08:30:00;08:41:51;1;08:56:51;09:25:51;2;09:25:51;09:30:51;10:16:04;1;42;2022;2022-10-20 00:00:00;DO124;BT95
2022-09-22 10:07:29;;2;24;7;13;2.5;71.25;20;0.765;2;Fast;5.999999999;24.00000001;5;35;56.3;;201.7151325;45.21769623;1;09:30:00;09:40:00;1;15:39:59;16:08:59;2;16:09:00;16:14:00;16:59:13;2;42;2022;2022-10-20 00:00:00;DO122;BT93
2022-09-22 10:07:29;;2;25;8;15;0;80;11.25;1.81;10;Slow;0.25;1.750000001;20;5;;;186;37.4;1;08:45:00;09:03:00;1;09:18:00;09:47:00;1;11:32:00;11:37:00;12:14:24;1;;;;;
2022-09-22 10:07:29;;2;26;8;15;50;55;0;0.539990125;2;Fast;1;1.000000001;20;5;;;186;32;1;10:30:00;10:40:00;1;11:39:59;12:08:59;1;13:09:00;13:14:00;13:46:00;1;;;;;
2022-09-22 10:07:29;;2;27;8;15;0;66.25;25;0.539990125;2;Slow;1;1.000000001;20;5;;;186;34.48235825;1;09:45:00;09:55:00;1;10:54:59;11:23:59;1;12:24:00;12:29:00;13:03:28;1;;;;;
2022-09-22 10:07:29;;2;28;8;16;0;80;25;0.539990125;10;Fast;23.99999999;0.249999999;5;5;;;186;38.3;2;12:00:00;12:18:00;3;12:17:59;12:46:59;3;13:01:59;13:06:59;13:45:17;1;;;;;
2022-09-22 10:07:29;;2;29;8;16;20;55;22.5;0.765;10;Slow;23.99999999;0.249999999;20;5;;;186;34.7;2;10:45:00;11:02:59;3;11:02:59;11:31:59;3;11:46:59;11:51:59;12:26:41;1;;;;;
2022-09-22 10:07:29;;2;30;8;16;50;77.5;0;0.29;10;Slow;23.99999999;0.249999999;20;5;;;186;34.7;2;09:45:00;10:03:00;3;10:02:59;10:31:59;3;10:46:59;10:51:59;11:26:41;1;;;;;
2022-09-22 10:07:29;;2;31;9;17;50;55;0;0.765;10;Fast;23.99999999;0.249999999;20;20;60.5;;240;32.9;1;11:30:00;11:47:59;2;11:47:59;12:16:59;2;12:31:59;12:36:59;13:09:53;1;;;;;
2022-09-22 10:07:29;;2;32;9;17;5;73.75;0;0.385;2.4;Slow;23.99999999;0.249999999;5;20;60.5;;240;37.4;1;09:45:00;09:55:24;2;09:55:23;10:24:23;2;10:39:23;10:44:23;11:21:47;1;;;;;
2022-09-22 10:07:29;;2;33;9;17;0;80;0;0.1;10;Fast;18;6.249999989;5;20;58.4;;240;39.2;1;15:00:00;15:18:00;2;09:18:00;09:47:00;2;16:01:59;16:06:59;16:46:11;1;;;;;
2022-09-22 10:07:29;;2;34;9;18;50;62.5;1.25;0.765;10;Slow;5.999999999;24.00000001;5;20;58.4;;240;43.7;2;09:15:00;09:32:59;2;15:32:59;16:01:59;3;16:02:00;16:07:00;16:50:42;1;;;;;
2022-09-22 10:07:29;;2;35;9;18;10;80;25;0.765;4.4;Fast;29.74913334;0.250866674;20;20;50;;240;50;2;10:45:00;10:57:24;3;16:42:20;17:11:20;3;17:26:24;17:31:24;18:21:24;1;;;;;
2022-09-22 10:07:29;;2;36;9;18;50;80;16.25;0.1;2;Fast;29.74913334;0.250866674;20;20;62.6;;240;32;2;11:15:00;11:25:00;3;17:09:56;17:38:56;3;17:54:00;17:59:00;18:31:00;2;;;;;
2022-09-22 10:07:29;;2;37;10;19;32.5;60;25;0.1;10;Slow;18;0.249999998;5;20;81.5;;180;50;1;15:22:30;15:40:30;2;09:40:30;10:09:30;2;10:24:29;10:29:29;11:19:29;2;;;;;
2022-09-22 10:07:29;;2;38;10;19;0;55;0;0.765;8.8;Fast;18;0.249999998;5;20;92;;180;39.2;1;15:00:00;15:16:48;2;09:16:48;09:45:48;2;10:00:47;10:05:47;10:44:59;1;;;;;
2022-09-22 10:07:29;;2;39;10;19;32.5;80;25;0.385;2;Fast;5.999999999;12.25;20;20;79.4;;180;37.08091644;1;11:45:00;11:55:00;1;17:54:59;18:23:59;2;06:38:59;06:43:59;07:21:04;1;;;;;
2022-09-22 10:07:29;;2;40;10;20;17.5;63.75;0;0.765;6;Slow;0.25;6.000000002;20;20;54.2;;180;40.1;2;09:15:00;09:29:00;2;09:44:00;10:13:00;2;16:13:00;16:18:00;16:58:06;1;;;;;
2022-09-22 10:07:29;;2;41;10;20;50;80;12.5;0.765;9.6;Slow;1;5.250000002;5;5;;;180;41;2;10:15:00;10:32:36;2;11:32:36;12:01:36;2;17:16:36;17:21:36;18:02:36;1;;;;;
2022-09-22 10:07:29;;2;42;10;20;0;68.75;12.5;0.1;7.6;Fast;0.25;6.000000002;5;20;83.6;;180;50;2;09:45:00;10:00:36;2;10:15:36;10:44:36;2;16:44:36;16:49:36;17:39:36;2;;;;;
2022-09-22 10:07:29;;2;43;11;21;20;55;25;0.1;2;Slow;5.999999999;13;5;35;68.9;;189.7526069;33.61394499;1;10:45:00;10:54:59;1;16:54:59;17:23:59;2;06:23:59;06:28:59;07:02:36;1;;;;;
2022-09-22 10:07:29;;2;44;11;21;26.66182517;60.35646617;16.0267279;0.318242175;4.991364983;Slow;18;1;5;35;71.51562295;;189.7526069;33.61394499;1;14:45:00;14:57:59;2;08:57:59;09:26:59;2;10:26:59;10:31:59;11:05:36;1;;;;;
2022-09-22 10:07:29;;2;45;11;21;15;58.75;18.75;0.765;3.6;Slow;0.25;18.75;20;20;50;;189.7526069;33.61394499;1;14:00:00;14:11:36;1;14:26:36;14:55:36;2;09:40:35;09:45:35;10:19:12;1;;;;;
2022-09-22 10:07:29;;2;46;11;22;50;62.5;0;0.1;2;Slow;0.25;6.000000002;5;35;81.5;;189.7526069;33.61394499;2;09:32:59;09:43:00;2;09:58:00;10:27:00;2;16:27:00;16:32:00;17:05:36;2;;;;;
2022-09-22 10:07:29;;2;47;11;22;27.5;80;25;0.765;6.8;Slow;0.25;6.000000002;5;35;60.5;;189.7526069;33.61394499;2;09:14:59;09:29:47;2;09:44:47;10:13:47;2;16:13:47;16:18:47;16:52:24;1;;;;;
2022-09-22 10:07:29;;2;48;11;22;0;55;0;0.765;10;Fast;0.25;6.000000002;5;35;71.51562295;;189.7526069;33.61394499;2;10:00:00;10:17:59;2;10:33:00;11:02:00;2;17:02:00;17:07:00;17:40:36;1;;;;;
2022-09-22 10:07:29;;2;49;12;23;0;71.25;25;0.1;8;Slow;1;22.99999999;20;20;92;;213;39.2;1;10:30:00;10:46:00;1;11:46:00;12:15:00;2;11:14:59;11:19:59;11:59:11;1;;;;;
2022-09-22 10:07:29;;2;50;12;23;17.5;55;15;0.765;2;Fast;1;22.99999999;20;20;52.1;;213;40.1;1;09:15:00;09:24:59;1;10:25:00;10:54:00;2;09:53:59;09:58:59;10:39:05;1;;;;;
2022-09-22 10:07:29;;2;51;12;23;0;67.5;12.5;0.765;10;Slow;0.25;23.74999999;5;20;50;;213;34.7;1;12:15:00;12:32:59;1;12:48:00;13:17:00;2;13:01:59;13:06:59;13:41:41;1;;;;;
2022-09-22 10:07:29;;2;52;12;24;20;68.75;0;0.1;8.8;Fast;1;23.24999999;20;20;77.3;;213;39.2;2;13:00:00;13:16:48;2;14:16:48;14:45:48;3;14:00:47;14:05:47;14:44:59;1;;;;;
2022-09-22 10:07:29;;2;53;12;24;25;80;25;0.765;2;Fast;0.25;23.99999999;20;20;83.6;;213;37.4;2;11:45:00;11:55:00;2;12:10:00;12:39:00;3;12:38:59;12:43:59;13:21:23;1;;;;;
2022-09-22 10:07:29;;2;54;12;24;7.5;55;10;0.1;2;Fast;1;23.24999999;20;20;89.9;;213;50;2;09:30:00;09:40:00;2;10:40:00;11:09:00;3;10:23:59;10:28:59;11:18:59;1;;;;;
2022-09-22 10:07:29;;2;55;13;25;45.30396326;71.09836239;22.81776755;0.434327841;5.795510491;Fast;0.25;0.25;20;5;;;203.4243396;42.02060508;1;08:30:00;08:43:47;1;08:58:47;09:27:47;1;09:42:47;09:47:47;10:29:48;1;;;;;
2022-09-22 10:07:29;;2;56;13;25;45.30396326;71.09836239;22.81776755;0.1;5.795510491;Fast;0.25;0.25;5;5;;;203.4243396;42.02060508;1;11:45:00;11:58:47;1;12:13:47;12:42:47;1;12:57:47;13:02:47;13:44:48;1;;;;;
2022-09-22 10:07:29;;2;57;13;25;45.30396326;71.09836239;0;1.525;5.2;Fast;0.25;0.25;20;5;;;203.4243396;42.02060508;1;09:45:00;09:58:12;1;10:13:12;10:42:12;1;10:57:11;11:02:11;11:44:13;1;;;;;
2022-09-22 10:07:29;;2;58;13;26;0;55;0;0.1;2;Slow;1;5.250000002;5;5;;;203.4243396;42.02060508;2;09:15:00;09:24:59;2;10:25:00;10:54:00;2;16:09:00;16:14:00;16:56:01;1;;;;;
2022-09-22 10:07:29;;2;59;13;26;50;55;0;0.765;8.4;Fast;5.999999999;0.250000003;5;5;;;203.4243396;42.02060508;2;10:15:00;10:31:24;2;16:31:23;17:00:23;2;17:15:24;17:20:24;18:02:25;1;;;;;
2022-09-22 10:07:29;;2;60;13;26;0;80;25;0.434327841;10;Fast;3.000000001;3.250000001;20;5;;;203.4243396;42.02060508;2;09:30:00;09:48:00;2;12:48:00;13:17:00;2;16:32:00;16:37:00;17:19:01;2;;;;;
2022-09-22 10:07:29;;2;61;14;27;15;80;25;0.765;8;Slow;5.999999999;12.25;20;20;66.8;;180;44.6;1;11:15:00;11:31:00;1;17:30:59;17:59:59;2;06:14:59;06:19:59;07:04:35;1;;;;;
2022-09-22 10:07:29;;2;62;14;27;50;55;17.5;0.575;2;Slow;18;0.249999998;20;20;75.2;;180;50;1;15:00:00;15:10:00;2;09:10:00;09:39:00;2;09:53:59;09:58:59;10:48:59;1;;;;;
2022-09-22 10:07:29;;2;63;14;27;0;55;25;0.1;7.2;Fast;18;0.249999998;20;20;77.3;;180;43.7;1;15:15:00;15:30:11;2;09:30:12;09:59:12;2;10:14:11;10:19:11;11:02:53;2;;;;;
2022-09-22 10:07:29;;2;64;14;28;5;80;0;0.1;2;Fast;29.74913334;0.250866674;20;20;71;;180;50;2;09:31:29;09:41:30;3;15:26:26;15:55:26;3;16:10:30;16:15:30;17:05:30;2;;;;;
2022-09-22 10:07:29;;2;65;14;28;50;80;17.5;0.765;2;Fast;29.74913334;0.250866674;20;20;77.3;;180;40.1;2;10:30:00;10:40:00;3;16:24:56;16:53:56;3;17:09:00;17:14:00;17:54:06;1;;;;;
2022-09-22 10:07:29;;2;66;14;28;5;80;21.25;0.765;7.2;Slow;5.999999999;24.00000001;5;5;;;180;32;2;09:15:00;09:30:11;2;15:30:11;15:59:11;3;15:59:12;16:04:12;16:36:12;1;;;;;
2022-09-22 10:07:29;;2;67;15;29;0;55;25;0.1;10;Slow;23.99999999;3.000000008;5;35;92;;180;50;1;09:00:00;09:18:00;2;09:17:59;09:46:59;2;12:46:59;12:51:59;13:41:59;1;;;;;
2022-09-22 10:07:29;;2;68;15;29;22.5;71.25;0;0.1;10;Fast;18;8.999999998;20;35;75.2;;180;39.2;1;14:45:00;15:03:00;2;09:03:00;09:32:00;2;18:31:59;18:36:59;19:16:11;1;;;;;
2022-09-22 10:07:29;;2;69;15;29;30;57.5;0;0.765;2;Fast;23.99999999;3.000000008;20;35;92;;180;45.5;1;10:00:00;10:09:59;2;10:09:59;10:38:59;2;13:38:59;13:43:59;14:29:29;2;;;;;
2022-09-22 10:07:29;;2;70;15;30;15;73.75;23.75;2;3.6;Slow;1;0.25;20;35;92;;180;42.8;2;09:30:00;09:41:36;2;10:41:35;11:10:36;2;11:25:35;11:30:35;12:13:23;1;;;;;
2022-09-22 10:07:29;;2;71;15;30;50;70;0;0.1;2.4;Slow;1;0.25;5;35;81.5;;180;50;2;11:45:00;11:55:24;2;12:55:24;13:24:24;2;13:39:23;13:44:23;14:34:23;1;;;;;
2022-09-22 10:07:29;;2;72;15;30;0;55;7.5;0.86;10;Fast;1;0.25;20;35;75.2;;180;50;2;10:30:00;10:48:00;2;11:47:59;12:16:59;2;12:31:59;12:36:59;13:26:59;1;;;;;
2022-09-22 10:07:29;;2;73;16;31;0;55;25;0.1;6.8;Fast;5.999999999;0.250000003;5;5;;;240;36.5;1;08:30:00;08:44:48;1;14:44:47;15:13:47;1;15:28:48;15:33:48;16:10:18;1;;;;;
2022-09-22 10:07:29;;2;74;16;31;20;80;0;0.1;10;Slow;0.25;6.000000002;5;5;;;240;32;1;08:44:59;09:02:59;1;09:17:59;09:46:59;1;15:46:59;15:51:59;16:23:59;2;;;;;
2022-09-22 10:07:29;;2;75;16;31;0;62.5;16.25;0.765;2;Fast;0.25;6.000000002;5;5;;;240;32;1;07:45:00;07:54:59;1;08:10:00;08:39:00;1;14:39:00;14:44:00;15:16:00;1;;;;;
2022-09-22 10:07:29;;2;76;16;32;10;60;8.75;0.765;6.4;Fast;3.000000001;15.25;5;5;;;240;48.2;2;11:59:59;12:14:23;2;15:14:23;15:43:23;3;06:58:23;07:03:23;07:51:35;1;;;;;
2022-09-22 10:07:29;;2;77;16;32;0;68.75;25;0.765;3.6;Slow;18;0.249999998;20;5;;;240;32;2;14:30:00;14:41:36;3;08:41:36;09:10:36;3;09:25:35;09:30:35;10:02:35;1;;;;;
2022-09-22 10:07:29;;2;78;16;32;15;80;6.25;0.1;3.2;Slow;18;0.249999998;20;5;;;240;39.2;2;15:15:00;15:26:12;3;09:26:12;09:55:12;3;10:10:11;10:15:11;10:54:23;1;;;;;
2022-09-22 10:07:29;;2;79;17;33;7.5;80;7.5;0.765;2;Slow;18;0.249999998;20;35;92;;240;50;1;15:14:59;15:24:59;2;09:24:59;09:53:59;2;10:08:59;10:13:59;11:03:59;1;;;;;
2022-09-22 10:07:29;;2;80;17;33;50;55;25;0.765;5.2;Slow;3.000000001;15.25;20;20;92;;240;44.6;1;13:00:00;13:13:12;1;16:13:12;16:42:12;2;07:57:11;08:02:11;08:46:47;1;;;;;
2022-09-22 10:07:29;;2;81;17;33;50;78.75;2.5;0.1;6;Slow;0.25;18;20;20;75.2;;240;32;1;14:15:00;14:29:00;1;14:44:00;15:13:00;2;09:12:59;09:17:59;09:49:59;1;;;;;
2022-09-22 10:07:29;;2;82;17;34;20;80;5;0.765;5.6;Slow;1;22.99999999;5;5;;;240;36.5;2;12:30:00;12:43:35;2;13:43:36;14:12:36;3;13:12:35;13:17:35;13:54:05;1;;;;;
2022-09-22 10:07:29;;2;83;17;34;50;55;25;0.765;9.2;Slow;0.25;23.74999999;5;35;92;;240;50;2;09:45:00;10:02:11;2;10:17:12;10:46:12;3;10:31:11;10:36:11;11:26:11;1;;;;;
2022-09-22 10:07:29;;2;84;17;34;50;65;25;0.1;2;Fast;1;22.99999999;5;20;92;;240;32;2;11:30:00;11:39:59;2;12:40:00;13:09:00;3;12:08:59;12:13:59;12:45:59;1;;;;;
2022-09-22 10:07:29;;2;85;18;35;25;67.5;17.5;2;2;Slow;1;0.25;20;5;;;231.1266073;45.16215685;1;11:00:00;11:10:00;1;12:10:00;12:39:00;1;12:53:59;12:58:59;13:44:09;1;;;;;
2022-09-22 10:07:29;;2;86;18;35;0;55;10;0.1;4.4;Slow;0.25;1;5;5;;;231.1266073;45.16215685;1;08:45:00;08:57:24;1;09:12:24;09:41:24;1;10:41:23;10:46:23;11:31:33;1;;;;;
2022-09-22 10:07:29;;2;87;18;35;24.53484592;78.01652013;2.115095606;0.229114565;4.80647215;Slow;1;0.25;5;5;;;231.1266073;45.16215685;1;10:00:00;10:12:48;1;11:12:48;11:41:48;1;11:56:48;12:01:48;12:46:58;1;;;;;
2022-09-22 10:07:29;;2;88;18;36;0;55;0;0.765;8.4;Fast;5.999999999;24.00000001;5;5;;;231.1266073;45.16215685;2;10:15:00;10:31:24;2;16:31:23;17:00:23;3;17:00:24;17:05:24;17:50:33;1;;;;;
2022-09-22 10:07:29;;2;89;18;36;0;63.75;13.75;0.765;10;Fast;5.999999999;24.00000001;20;5;;;231.1266073;45.16215685;2;09:15:00;09:32:59;2;15:32:59;16:01:59;3;16:02:00;16:07:00;16:52:09;1;;;;;
2022-09-22 10:07:29;;2;90;18;36;24.53484592;78.01652013;2.115095606;0.765;10;Slow;23.99999999;6.000000018;5;5;;;231.1266073;45.16215685;2;09:34:30;09:52:30;3;09:52:29;10:21:29;3;16:21:30;16:26:30;17:11:39;2;;;;;
2022-09-22 10:07:29;;2;91;19;37;0;63.75;3.75;0.765;6.8;Fast;3.000000001;0.999999999;5;35;50;;240;47.3;2;09:15:00;09:29:48;2;12:29:48;12:58:48;2;13:58:47;14:03:47;14:51:05;2;46;2022;2022-11-17 00:00:00;DO126;BT97
2022-09-22 10:07:29;;2;92;19;37;0;80;0;0.1;6.4;Fast;3.000000001;0.999999999;5;35;92;;240;36.5;2;08:30:00;08:44:24;2;11:44:24;12:13:24;2;13:13:23;13:18:23;13:54:53;1;46;2022;2022-11-17 00:00:00;DO125;BT96
2022-09-22 10:07:30;;2;93;19;37;0;80;1.25;0.765;2;Fast;3.000000001;0.999999999;5;35;58.4;;240;36.5;2;10:15:00;10:25:00;2;13:25:00;13:54:00;2;14:53:59;14:58:59;15:35:29;1;46;2022;2022-11-17 00:00:00;DO127;BT98
2022-09-22 10:07:30;;2;94;19;38;0;71.25;11.25;0.195;5.6;Slow;3.000000001;2.999999998;20;35;60.5;;240;49.1;3;09:15:00;09:28:36;3;12:28:36;12:57:36;3;15:57:35;16:02:35;16:51:41;1;46;2022;2022-11-18 00:00:00;DO128;BT99
2022-09-22 10:07:30;;2;95;19;38;50;78.75;25;0.1;10;Fast;3.000000001;2.999999998;5;35;50;;240;32;3;10:15:00;10:33:00;3;13:33:00;14:02:00;3;17:01:59;17:06:59;17:38:59;1;46;2022;2022-11-18 00:00:00;DO130;BT101
2022-09-22 10:07:30;;2;96;19;38;0;80;12.5;0.1;2;Slow;0.25;5.749999999;20;35;54.2;;240;32;3;09:30:00;09:40:00;3;09:55:00;10:24:00;3;16:08:59;16:13:59;16:45:59;2;46;2022;2022-11-18 00:00:00;DO129;BT100
2022-09-22 10:07:30;;2;97;20;39;50;73.75;8.75;0.1;2;Slow;0.25;23.99999999;20;5;;;180;50;1;10:30:00;10:40:00;1;10:55:00;11:24:00;2;11:23:59;11:28:59;12:18:59;1;;;;;
2022-09-22 10:07:30;;2;98;20;39;0;70;0;0.765;2;Fast;0.25;23.99999999;20;35;92;;180;50;1;11:00:00;11:10:00;1;11:25:00;11:54:00;2;11:53:59;11:58:59;12:48:59;2;;;;;
2022-09-22 10:07:30;;2;99;20;39;42.5;66.25;11.25;0.1;5.6;Slow;0.25;23.99999999;5;35;71;;180;32;1;09:00:00;09:13:36;1;09:28:36;09:57:36;2;09:57:35;10:02:35;10:34:35;1;;;;;
2022-09-22 10:07:30;;2;100;20;40;0;70;8.75;0.765;6.4;Fast;1;20.00000001;5;35;73.1;;180;36.5;2;13:45:00;13:59:24;2;14:59:24;15:28:24;3;11:28:24;11:33:24;12:09:54;2;;;;;
2022-09-22 10:07:30;;2;101;20;40;0;55;25;0.1;2;Fast;0.25;20.75000001;5;20;50;;180;32;2;11:45:00;11:55:00;2;12:10:00;12:39:00;3;09:24:00;09:29:00;10:01:00;1;;;;;
2022-09-22 10:07:30;;2;102;20;40;20;66.25;0;0.765;10;Slow;0.25;20.75000001;5;35;50;;180;50;2;13:00:00;13:17:59;2;13:33:00;14:02:00;3;10:47:00;10:52:00;11:42:00;1;;;;;
2022-09-22 10:07:30;;2;103;21;41;50;63.75;25;0.765;6.4;Fast;5.999999999;0.250000003;20;5;;;213;50;1;07:45:00;07:59:24;1;13:59:23;14:28:23;1;14:43:24;14:48:24;15:38:24;2;;;;;
2022-09-22 10:07:30;;2;104;21;41;25;80;0;0.765;2;Fast;0.25;6.000000002;20;5;;;213;47.3;1;07:30:00;07:40:00;1;07:55:00;08:24:00;1;14:24:00;14:29:00;15:16:18;1;;;;;
2022-09-22 10:07:30;;2;105;21;41;50;77.5;17.5;0.1;6.8;Fast;0.25;6.000000002;20;5;;;213;49.1;1;08:30:00;08:44:48;1;08:59:48;09:28:48;1;15:28:48;15:33:48;16:22:54;1;;;;;
2022-09-22 10:07:30;;2;106;21;42;42.5;67.5;13.75;0.765;3.6;Slow;23.99999999;0.249999999;5;20;50;;213;42.8;2;12:15:00;12:26:36;3;12:26:35;12:55:35;3;13:10:35;13:15:35;13:58:23;1;;;;;
2022-09-22 10:07:30;;2;107;21;42;35;78.75;15;0.765;9.2;Fast;1;23.24999999;20;5;;;213;50;2;10:45:00;11:02:12;2;12:02:12;12:31:12;3;11:46:11;11:51:11;12:41:11;1;;;;;
2022-09-22 10:07:30;;2;108;21;42;45;56.25;0;0.765;10;Fast;0.25;23.99999999;20;20;92;;213;32;2;09:30:00;09:48:00;2;10:03:00;10:32:00;3;10:31:59;10:36:59;11:08:59;1;;;;;
2022-09-22 10:07:30;;2;109;22;43;50;80;25;0.765;2;Slow;5.999999999;0.250000003;20;5;;;240;40.1;1;08:45:00;08:55:00;1;14:54:59;15:23:59;1;15:39:00;15:44:00;16:24:06;1;47;2022;2022-11-23 00:00:00;DO134;BT105
2022-09-22 10:07:30;;2;110;22;43;50;55;25;0.765;10;Slow;0.25;6.000000002;20;5;;;240;49.1;1;07:30:00;07:48:00;1;08:03:00;08:32:00;1;14:32:00;14:37:00;15:26:06;1;47;2022;2022-11-23 00:00:00;DO133;BT104
2022-09-22 10:07:30;;2;111;22;43;30;66.25;8.75;0.1;6.4;Fast;3.000000001;3.250000001;20;5;;;240;41;1;08:30:00;08:44:24;1;11:44:24;12:13:24;1;15:28:24;15:33:24;16:14:24;2;47;2022;2022-11-23 00:00:00;DO135;BT106
2022-09-22 10:07:30;;2;112;22;44;50;66.25;13.75;2;9.2;Fast;1;0.25;20;5;;;240;32;2;11:15:00;11:32:11;2;12:32:12;13:01:12;2;13:16:11;13:21:11;13:53:11;1;47;2022;2022-11-24 00:00:00;DO139;BT109
2022-09-22 10:07:30;;2;113;22;44;17.5;55;25;2;4.8;Fast;0.25;1;5;5;;;240;50;2;10:00:00;10:12:48;2;10:27:48;10:56:48;2;11:56:47;12:01:47;12:51:47;1;47;2022;2022-11-24 00:00:00;DO138;BT108
2022-09-22 10:07:30;;2;114;22;44;20;62.5;8.75;1.05;4.4;Fast;0.25;1;20;20;89.9;;240;32.9;2;09:15:00;09:27:24;2;09:42:24;10:11:24;2;11:11:23;11:16:23;11:49:17;1;47;2022;2022-11-24 00:00:00;DO137;BT107
2022-09-22 10:07:30;;2;115;23;45;50;55;25;2;8.4;Slow;0.25;1;20;20;50;;216;32.9;1;09:00:00;09:16:24;1;09:31:24;10:00:24;1;11:00:23;11:05:23;11:38:17;1;;;;;
2022-09-22 10:07:30;;2;116;23;45;30;67.5;0;2;8;Fast;1;0.25;5;20;60.5;;216;34.7;1;11:15:00;11:31:00;1;12:31:00;13:00:00;1;13:14:59;13:19:59;13:54:41;2;;;;;
2022-09-22 10:07:30;;2;117;23;45;50;80;25;2;10;Slow;1;0.25;20;35;50;;216;49.1;1;10:15:00;10:33:00;1;11:33:00;12:02:00;1;12:16:59;12:21:59;13:11:05;1;;;;;
2022-09-22 10:07:30;;2;118;23;46;50;80;25;0.1;10;Slow;1;22.99999999;20;35;50;;216;39.2;2;11:45:00;12:03:00;2;13:03:00;13:32:00;3;12:31:59;12:36:59;13:16:11;1;;;;;
2022-09-22 10:07:30;;2;119;23;46;50;70;12.5;0.765;2;Fast;0.25;23.74999999;5;20;50;;216;50;2;10:15:00;10:25:00;2;10:40:00;11:09:00;3;10:53:59;10:58:59;11:48:59;1;;;;;
2022-09-22 10:07:30;;2;120;23;46;17.5;67.5;7.5;0.765;2;Slow;1;22.99999999;20;5;;;216;32;2;11:00:00;11:10:00;2;12:10:00;12:39:00;3;11:38:59;11:43:59;12:15:59;2;;;;;
2022-09-22 10:07:30;;2;121;24;47;7.5;55;13.75;0.1;2;Slow;3.000000001;3.250000001;5;20;92;;180;32;1;08:44:59;08:54:59;1;11:54:59;12:23:59;1;15:38:59;15:43:59;16:15:59;2;;;;;
2022-09-22 10:07:30;;2;122;24;47;0;80;0;0.765;2;Fast;5.999999999;0.250000003;5;20;54.2;;180;43.7;1;07:30:00;07:40:00;1;13:39:59;14:08:59;1;14:24:00;14:29:00;15:12:42;1;;;;;
2022-09-22 10:07:30;;2;123;24;47;0;55;0;0.765;2;Slow;5.999999999;0.250000003;5;35;50;;180;50;1;08:30:00;08:39:59;1;14:39:59;15:08:59;1;15:24:00;15:29:00;16:19:00;1;;;;;
2022-09-22 10:07:30;;2;124;24;48;50;80;0;0.765;3.6;Fast;3.000000001;21.24999999;20;20;50;;180;32;2;10:45:00;10:56:36;2;13:56:36;14:25:36;3;11:40:35;11:45:35;12:17:35;1;;;;;
2022-09-22 10:07:30;;2;125;24;48;50;80;0;0.1;2;Slow;0.25;23.99999999;5;20;92;;180;41.9;2;09:45:00;09:55:00;2;10:10:00;10:39:00;3;10:38:59;10:43:59;11:25:53;1;;;;;
2022-09-22 10:07:30;;2;126;24;48;17.5;60;21.25;0.765;4.4;Slow;1;23.24999999;5;20;66.06307377;;180;50;2;12:00:00;12:12:24;2;13:12:24;13:41:24;3;12:56:23;13:01:23;13:51:23;1;;;;;
2022-09-22 10:07:30;;2;127;25;3;42.5;80;10;0.765;6.4;Fast;1;5.250000002;5;20;87.8;;213;32;1;08:30:00;08:44:24;1;09:44:24;10:13:24;1;15:28:24;15:33:24;16:05:24;1;;;;;
2022-09-22 10:07:30;;2;128;25;3;10;72.5;22.5;0.765;5.6;Slow;5.999999999;0.250000003;5;5;;;213;32;1;08:00:00;08:13:36;1;14:13:36;14:42:36;1;14:57:36;15:02:36;15:34:36;1;;;;;
2022-09-22 10:07:30;;2;129;25;3;50;80;0;0.1;10;Slow;5.999999999;0.250000003;5;20;50;;213;32;1;08:45:00;09:03:00;1;15:02:59;15:31:59;1;15:47:00;15:52:00;16:24:00;1;;;;;
2022-09-22 10:07:30;;2;130;25;4;47.5;76.25;0;0.67;4.4;Slow;1;1.000000001;20;20;92;;213;47.3;2;11:00:00;11:12:24;2;12:12:24;12:41:24;2;13:41:24;13:46:24;14:33:42;1;;;;;
2022-09-22 10:07:30;;2;131;25;4;25;66.25;12.5;2;7.6;Fast;1;1.000000001;5;35;92;;213;50;2;09:15:00;09:30:36;2;10:30:36;10:59:36;2;11:59:36;12:04:36;12:54:36;1;;;;;
2022-09-22 10:07:30;;2;132;25;4;50;55;23.75;0.48;2;Fast;1;1.000000001;5;35;87.8;;213;40.1;2;10:14:59;10:24:59;2;11:24:59;11:53:59;2;12:53:59;12:58:59;13:39:05;1;;;;;
2022-09-22 10:07:30;;2;133;26;5;50;65;25;0.1;2;Fast;23.99999999;3.000000008;5;5;;;205.2194218;48.72516487;1;10:00:00;10:09:59;2;10:09:59;10:38:59;2;13:38:59;13:43:59;14:32:43;1;;;;;
2022-09-22 10:07:30;;2;134;26;5;7.646301485;56.98621067;8.131240475;0.8;3.916609005;Slow;5.999999999;21;5;5;;;205.2194218;48.72516487;1;08:30:00;08:41:54;1;14:41:54;15:10:54;2;12:10:54;12:15:54;13:04:38;1;;;;;
2022-09-22 10:07:30;;2;135;26;5;50;80;13.75;0.1;6.4;Fast;3.000000001;24;5;5;;;205.2194218;48.72516487;1;09:30:00;09:44:24;1;12:44:24;13:13:24;2;13:13:23;13:18:23;14:07:07;1;;;;;
2022-09-22 10:07:30;;2;136;26;6;50;55;0;1.246125017;10;Slow;1;0.25;5;5;;;205.2194218;48.72516487;2;10:15:00;10:33:00;2;11:33:00;12:02:00;2;12:16:59;12:21:59;13:10:43;1;;;;;
2022-09-22 10:07:30;;2;137;26;6;50;80;25;1.246125017;2;Slow;0.25;1;5;5;;;205.2194218;48.72516487;2;09:15:00;09:24:59;2;09:40:00;10:09:00;2;11:08:59;11:13:59;12:02:43;1;;;;;
2022-09-22 10:07:30;;2;138;26;6;42.5;72.5;15;2;9.6;Fast;0.25;1;5;5;;;205.2194218;48.72516487;2;12:15:00;12:32:36;2;12:47:36;13:16:36;2;14:16:35;14:21:35;15:10:19;1;;;;;
2022-09-22 10:07:30;;2;139;27;7;50;80;0;0.955;2;Fast;0.25;1.750000001;20;35;50;;237;35.6;1;09:45:00;09:55:00;1;10:10:00;10:39:00;1;12:24:00;12:29:00;13:04:36;1;;;;;
2022-09-22 10:07:30;;2;140;27;7;0;80;0;1.62;10;Fast;1;1.000000001;5;35;62.6;;237;38.3;1;10:15:00;10:33:00;1;11:33:00;12:02:00;1;13:02:00;13:07:00;13:45:18;1;;;;;
2022-09-22 10:07:30;;2;141;27;7;50;80;0;1.81;5.6;Slow;0.25;1.750000001;5;35;60.5;;237;33.8;1;08:45:00;08:58:35;1;09:13:36;09:42:36;1;11:27:36;11:32:36;12:06:24;1;;;;;
2022-09-22 10:07:30;;2;142;27;8;50;55;25;1.668700117;3.2;Fast;0.25;0.25;5;35;60.46944112;;237;35.068309;2;10:30:00;10:41:12;2;10:56:12;11:25:12;2;11:40:11;11:45:11;12:20:16;1;;;;;
2022-09-22 10:07:30;;2;143;27;8;2.5;55;25;1.335;4.4;Slow;0.25;0.25;5;35;56.3;;237;32;2;09:30:00;09:42:24;2;09:57:24;10:26:24;2;10:41:23;10:46:23;11:18:23;1;;;;;
2022-09-22 10:07:30;;2;144;27;8;20;80;6.25;1.668700117;2.8;Slow;0.25;0.25;5;35;60.46944112;;237;35.068309;2;11:45:00;11:55:47;2;12:10:48;12:39:48;2;12:54:47;12:59:47;13:34:52;1;;;;;
;;2;145;2;4;25;66.25;12.5;2;7.6;Fast;1;1.000000001;5;35;92;;213;50;2;09:15:00;09:30:36;2;10:30:36;10:59:36;2;11:59:36;12:04:36;12:54:36;1;;;;;
;;2;146;2;4;50;55;23.75;0.48;2;Fast;1;1.000000001;5;35;87.8;;213;40.1;2;10:14:59;10:24:59;2;11:24:59;11:53:59;2;12:53:59;12:58:59;13:39:05;2;;;;;
;;2;147;2;3;50;80;0;0.1;10;Slow;5.999999999;0.250000003;5;20;50;;213;32;1;08:45:00;09:03:00;1;15:02:59;15:31:59;1;15:47:00;15:52:00;16:24:00;1;;;;;
;;2;148;3;5;7.646301485;56.98621067;8.131240475;0.8;3.916609005;Slow;5.999999999;21;5;5;;;205.2194218;48.72516487;1;08:30:00;08:41:54;1;14:41:54;15:10:54;2;12:10:54;12:15:54;13:04:38;1;;;;;
;;2;149;3;6;50;80;25;1.246125017;2;Slow;0.25;1;5;5;;;205.2194218;48.72516487;2;09:15:00;09:24:59;2;09:40:00;10:09:00;2;11:08:59;11:13:59;12:02:43;1;;;;;
;;2;150;3;6;50;55;0;1.246125017;10;Slow;1;0.25;5;5;;;205.2194218;48.72516487;2;10:15:00;10:33:00;2;11:33:00;12:02:00;2;12:16:59;12:21:59;13:10:43;1;;;;;
;;2;151;4;8;20;80;6.25;1.668700117;2.8;Slow;0.25;0.25;5;35;60.46944112;;237;35.068309;2;11:45:00;11:55:47;2;12:10:48;12:39:48;2;12:54:47;12:59:47;13:34:52;1;;;;;
;;2;152;4;7;50;80;0;1.81;5.6;Slow;0.25;1.750000001;5;35;60.5;;237;33.8;1;08:45:00;08:58:35;1;09:13:36;09:42:36;1;11:27:36;11:32:36;12:06:24;1;;;;;
;;2;153;4;8;50;55;25;1.668700117;3.2;Fast;0.25;0.25;5;35;60.46944112;;237;35.068309;2;10:30:00;10:41:12;2;10:56:12;11:25:12;2;11:40:11;11:45:11;12:20:16;1;;;;;
;;2;154;5;10;10;71.25;21.25;0.575;4.8;Slow;1;5.250000002;20;5;;;210;50;2;09:45:00;09:57:48;2;10:57:48;11:26:47;2;16:41:48;16:46:48;17:36:48;2;;;;;
;;2;155;5;10;0;80;3.75;0.784858569;4.8;Slow;1;5.250000002;20;35;81.5;;210;33.8;2;10:15:00;10:27:48;2;11:27:48;11:56:48;2;17:11:48;17:16:48;17:50:36;1;;;;;
;;2;156;5;9;50;55;15;0.575;10;Slow;0.25;18;5;5;;;210;33.8;1;14:00:00;14:18:00;1;14:33:00;15:02:00;2;09:01:59;09:06:59;09:40:47;2;;;;;
;;2;157;6;12;50;80;16.25;0.1;10;Fast;1;0.25;20;35;92;;180;32;2;09:15:00;09:32:59;2;10:33:00;11:02:00;2;11:16:59;11:21:59;11:53:59;1;;;;;
;;2;158;6;11;20;55;11.25;2;5.6;Fast;0.25;1;20;35;50;;180;44.6;1;08:45:00;08:58:35;1;09:13:36;09:42:36;1;10:42:35;10:47:35;11:32:11;1;;;;;
;;2;159;6;12;0;80;12.5;2;2;Slow;1;0.25;5;20;77.3;;180;39.2;2;10:15:00;10:25:00;2;11:25:00;11:54:00;2;12:08:59;12:13:59;12:53:11;1;;;;;
;;2;160;7;14;50;55;0;0.179789101;2;Fast;0.25;18;20;35;57.54845658;;201.7151325;45.21769623;2;13:45:00;13:54:59;2;14:10:00;14:39:00;3;08:38:59;08:43:59;09:29:13;1;;;;;
;;2;161;7;13;0;56.25;15;0.1;5.2;Slow;29.74913334;0.250866674;20;35;58.4;;201.7151325;45.21769623;1;08:45:00;08:58:12;2;14:43:08;15:12:08;2;15:27:12;15:32:12;16:17:25;1;;;;;
;;2;162;7;14;0;80;25;0.179789101;2;Fast;0.25;18;20;35;57.54845658;;201.7151325;45.21769623;2;15:15:00;15:24:59;2;15:40:00;16:09:00;3;10:08:59;10:13:59;10:59:13;1;;;;;
